tf_rate,telomere_insertion_rate,telomere_content_log2,TERT_FPKM,ATAGGG_singleton_dist,CTAGGG_singleton_dist,GTAGGG_singleton_dist,TAAGGG_singleton_dist,TCAGGG_singleton_dist,TGAGGG_singleton_dist,TTCGGG_singleton_dist,TTGGGG_singleton_dist,TTTGGG_singleton_dist
0.044070498,0,0.175054078,0.247100445,-0.464637964,-0.099847292,-0.232004399,0.354098503,0.608062894,1.033450419,-1.005342956,-0.107578513,0.714004093
0.091390723,0,-0.6106357,9.827191246000002,0.33979642,-0.042006116,-0.144839068,0.063608087,0.412291536,-0.519593598,-0.443441953,-1.026271566,-0.373335364
0,0,-0.515392902,0.315138173,-0.189327144,0.132900213,-0.245431282,-0.8645598869999999,0.257984178,-0.0435762,-0.348542922,-0.485062803,-0.1729139
0.028671243,0,-0.175453695,0.054992129,1.047620066,-0.110499082,0.045371766,2.177468361,1.11475271,1.649961712,0.816871156,0.594248829,0.452721141
0.017143694,0,0.352365099,0.052072373,0.308440839,-0.309538735,-0.268507401,0.707679433,1.16117121,-0.587291417,-0.902424763,-1.023618667,0.401894252
0.818710348,0.0279704031923006,1.629795384,0.277248479,0.575353696,0.621327156,-0.139804086,-0.828098937,0.8339730629999998,0.177675622,-0.407298124,0.27007266,0.407041106
0.141719435,0.06181733306751,-1.396065354,0.032593386,0.536556424,-0.042745471,0.538590537,-1.284237224,0.54587202,-1.005738175,0.429579771,-0.297103827,0.421637368
0.035456284,0,-0.174968625,0.323347764,-0.211208352,-0.515610694,0.063256034,-0.08977275399999998,-0.654870497,0.401775063,0.268578118,0.225247513,0.262045721
0,0,-1.028598127,0.008475602,0.30693041,1.012390952,-0.212217916,-0.42822001,0.517830978,-0.06746812,0.540029525,1.527388548,-0.218962993
0,0.0310205347464984,-1.474525448,0.410645747,-0.08776805699999998,-0.932800345,0.668263943,-1.136246969,-0.528324116,0.282017529,0.615995948,-0.015232691,0.288093837
0,0,-0.605671397,0.496474414,1.188727646,0.967259573,0.359847621,0.651162116,2.266600571,0.535663062,0.798256442,0.653328596,0.355513157
0.074077373,0.0270661325073825,0.517042081,1.095639558,0.067190299,1.931572663,0.070309706,1.2305976,1.600705081,-0.731841977,-0.309709007,-0.187376778,1.229265194
0.029424189,0.0588483787880325,-0.686707947,0.042469095,-0.382186258,-0.025778619,-0.433013379,1.381699277,-0.13336502,0.359273931,0.125429994,-0.046274882,0.509187901
0,0,-0.070624481,0.070344822,0.008508496,0.626867008,-0.38932176,-0.146182323,1.322629306,-0.183749789,-0.506683192,-0.339456918,0.716660028
0.232153113,0,-0.835754352,0.178440517,0.426429457,1.020112636,0.044945135,-0.762455608,-0.464134037,-0.928058195,-0.149024316,0.12226207,-0.340144585
0,0.0859129195439029,-0.941218538,0.189849941,1.169639711,1.560860356,-1.360768613,0.193402776,1.024970475,0.300610707,1.299242476,1.566251478,0.556210704
0,0,-0.658733519,0.156209713,0.200929466,0.658776484,-0.059396371,-0.255392499,-0.511975644,-0.788899489,-1.01307142,0.049749223,1.29577769
0,0.129167967689762,-1.657709032,0.306416471,-0.401956116,-1.577218802,-0.500102676,1.219836424,-1.2635744,0.342389213,-0.164748522,-0.165660889,1.311208797
0.106348998,0,-0.433682857,0,-0.093332675,0.152079117,-0.231661609,-2.158450634,-0.280970198,0.045047117,-0.771826307,-0.221314344,-1.05193306
0,0,-1.139224212,0.378210795,0.024748882,0.3837342,-0.112079545,-0.357087049,-0.46572715,0.337289546,0.06240268,1.656855605,0.175937957
0.019233691,0,-1.276566329,0.002676185,0.515396371,-0.233926027,-0.355146803,-0.072215441,-0.660383124,-0.002372266,-1.841383764,-0.7275650489999999,0.284396982
0.032731565,0,0.119036002,0.714394321,0.696137832,0.239467298,-0.440800332,0.064194202,0.461706786,-0.898908076,-2.2430869,-1.301126505,-0.368131138
0,0.0249369630902922,-1.245648502,0.20738466,0.363577997,-0.169709195,-0.388133323,-1.856709444,-0.789321823,-1.37767565,-1.156260113,-0.573850639,-0.097374907
0.029107918,0,-0.884105799,0.608308486,-1.3577345729999999,-1.862282927,-0.261257203,-0.030988639,-0.540625178,0.081475363,-0.054390144,-1.034396151,0.404336863
0,0,-0.855594798,0.195824949,-1.213964984,-0.005323749,-0.142088117,-0.823994906,0.112164117,-0.748319719,1.046327752,-0.576650932,0.690517999
0,0,-1.436436779,0.037485704,-0.546598708,0.305005355,-0.556289318,-1.126838894,-0.472464698,0.953839983,0.468927573,-1.278102541,0.308872432
0,0.0329238628409786,-1.268621734,0.007294209,-2.176079672,1.806324306,0.205701609,2.671713457,-1.877993251,-0.125352818,0.663940027,0.712861906,0.450911318
0.035663272,0.0252388516861012,-1.076938538,0.813521884,0.587384409,0.521735054,0.242888455,-0.7826580509999999,-0.712088439,0.212988622,-0.243250446,0.261212951,1.207239697
0,0,-1.238597974,0.040297748,-0.987186928,0.49471935,-0.204207374,0.77031255,-0.521717336,-0.033496284,0.923271196,0.266861076,-0.675888383
0.024690239,0,-0.021092769,0.017065797,0.196733472,-0.665114712,0.245250724,0.017722599,-0.477822821,-0.082898845,0.227654252,0.20840183,-1.046834572
0.019963831,0,-1.043678333,0.003433436,-1.097970998,-0.060424663000000003,0.571676376,-2.001451146,-1.104605574,0.075702348,0.536149065,0.055200931,-1.467985073
0,0,-0.424403371,0.008107365,-1.595519389,-0.268572046,-0.366574447,0.8531810159999998,-1.444092516,0.049595244,-0.340099793,-0.167264883,0.531628047
0,0,-1.438771596,0.317332175,-0.581171233,0.513642728,0.520005595,1.143856422,-0.23625834,0.536416963,-0.093414248,-0.104170113,0.170493397
0,0,-0.200832752,0.046586299,0.589743243,2.109378698,0.121383993,1.011339547,1.189747407,1.174245834,0.048062071,0.748487432,0.104897285
0.024353792,0,-0.397453608,0.085577914,-0.696454126,-0.416377317,0.339145214,-1.243459878,0.375875566,0.01443646,-0.107902053,-0.173111997,-0.190452625
0.053392529,0.110894565295713,-0.853897972,0.020812514,1.077080279,-0.107459116,-1.741032979,1.730607085,2.188052835,-0.200200144,-0.9922354510000002,-1.422820379,-0.191979685
0,0.00856286268964477,-0.68893247,0,0.680056924,-0.33739737400000003,-0.195796263,0.56938216,0.065302268,0.565372133,0.248198038,0.658091799,0.226838734
0.029485541,0,-1.186646276,0,-0.8204654209999999,0.59526256,-0.280911012,1.172143307,0.138105568,0.075505352,0.680707293,-0.836434185,-0.673696178
0,0.0351689266535562,-1.433526637,0.08612146699999998,0.33702788,-0.190415166,-0.404809925,0.196795139,0.383709145,-1.295534958,-1.022562418,-0.174547025,0.684924409
0.037559076,0,-0.743070712,0.49914849,1.078290066,1.160217923,-0.49415876,1.280505295,0.916845511,0.850737697,-0.278315159,1.164293708,0.296654675
0.106398825,0,-0.289813498,0.038159244,-0.884671796,-0.495815504,-0.011262117,0.45367177,0.830075134,-0.13333419,3.12316e-4,0.260431301,0.242333419
0.037136975,0,-0.355736067,0.848433228,-0.27895475,-0.235704428,-1.106000935,-0.150153845,-1.02573232,-0.379101133,-1.545606056,0.493562833,-0.01134483
0.02577789,0,-0.671830503,0,-0.664326022,0.336959066,0.049744988,0.477356466,-1.229765803,0.601965427,0.463461596,-0.197083787,-0.720791028
0.035251179,0,-0.479851301,1.355513518,-1.689184565,1.073818491,-0.367548279,-0.309082643,-0.034970197,-0.545433403,0.112636863,0.353121027,1.498021821
0.020731724,0.022947057393656,-1.128195221,0.085459792,-0.972104959,0.105211017,0.275595802,0.333952268,0.29137279,0.280020819,-0.159605967,-0.606156097,0.118629585
0.025490017,0.0254900149883684,-1.163015855,0.092880295,1.220341447,0.884771562,0.109750509,-0.502241848,0.509487209,-0.232403836,0.068778691,-0.419636449,1.418217912
0.107523884,0,-1.005520801,0.068289991,-0.719412544,-0.814697124,0.026682777,0.151181855,-0.8851796979999998,-1.264464833,-0.981750664,-0.104552452,-0.532507446
0.392427844,2.3054353267048,0.808855447,0.00879397,1.333306842,1.62763724,0.874217096,0.498668435,2.214242319,0.162839846,3.94138613,3.193663438,-2.17694775
0.269277104,0,-0.158407711,0.128478805,0.254556449,0.020714586,-1.159712748,0.393756299,0.09608138,-1.001042803,-0.470274335,0.316085807,0.523934845
0,0,-0.201125829,0.449747695,0.341886061,-0.201459017,-0.823985845,1.892675165,1.678880631,0.206599199,-0.8958213739999998,-0.425419053,0.122511631
0.025074383,0,0.089726525,0.016246627,0.149787838,0.885521818,-0.891450303,0.567715747,0.9178381510000002,0.994252408,-0.973254283,-0.304977416,0.701951826
0.028405242,0,-2.024978333,1.062872653,0.927200354,0.335073248,-0.449806816,-2.512278732,-0.897765157,-1.875485941,0.100532968,-0.048867983,0.505011374
0.307101237,0,0.55009578,0.003595793,0.326249636,1.365020795,0.763923921,0.845855416,0.78467721,-0.40763373,0.47813316,0.658694958,0.929704748
0,0,-0.901627361,0.08601957,1.175142163,0.232260805,-0.758738571,0.287907924,0.641830957,1.010441735,0.930264573,-0.010954334,0.030630204
0,0,-0.421016258,9.795943449,-0.351053974,0.106139257,-0.015629758,-0.734200949,1.308233048,-0.632070577,1.760958056,-0.224733594,0.826127282
0,0.0809363573395925,-1.016971781,0.665113283,1.284925318,-0.676185595,0.507090856,-0.03013208,-1.364292521,-0.219192243,-1.110857132,0.481850032,-0.428389158
0.063749235,0,-0.729963351,0.021128774,0.652374786,0.181085201,0.248441694,0.220487264,0.351756651,-0.383932129,0.063579244,-0.312112702,-0.028092317
0.321451645,0,2.486550781,0.086737958,0.326484559,0.164272249,0.349914268,-1.786511876,1.284468118,-0.011259055,-0.745994536,-0.20668067,0.099320415
0,0,-0.421672594,0,0.263147268,0.27903439,0.604747865,-0.073659157,0.066069075,0.824515723,0.148044889,0.45039809,-0.364240239
1.732707864,0.938550148221213,1.67231507,0,-0.275641815,-0.293942842,2.453822931,1.160674755,1.885355945,4.354542949,8.739318028999998,2.095102992,-0.228516765
0,0.0577988319906047,-0.931946079,2.052054186,0.368509216,0.594828219,-0.251192501,-1.309417553,-0.236376651,0.071753042,1.268525699,-0.189069989,0.592157141
0.034728116,0,-1.192483836,0,-0.818962663,-1.166089575,0.136745782,1.052267511,-0.09436271600000001,0.733229136,-0.651011622,0.108933418,-1.025001067
0.016096841,0.0321936832809061,-1.088906609,4.064452573,-0.178725924,-0.46136037,0.636488838,0.418401216,-0.932380173,-0.552609764,0.342546332,-1.489862474,0.730038954
0.027434743,0,-0.394601831,0,-3.184690838,-0.040698012,-1.077365558,-0.292920288,-1.138597788,1.220324218,-0.09986552100000001,-0.731946411,0.051621371
0,0,-0.428578677,0.643558686,1.835708059,0.564304029,0.402035023,0.013169386,-0.171789342,-0.102668287,-0.8422204399999998,1.238275228,-0.1182742
0,0,-0.093840916,0.003178351,0.068918967,0.375524208,-0.174387282,0.24591591,-1.732452288,0.625187304,0.106124516,0.605276843,-0.932944921
0.071106733,0,0.067149152,0.004818347,0.250901037,0.407805954,-0.100238521,0.09894290300000001,0.09608201,0.436724946,0.070217597,0.007452205,-0.753068474
0.043003999,0,0.114501825,0.012614961,-0.896342486,-0.249055681,-0.387130514,-0.292789852,-0.414734578,-1.316896862,-0.175206627,-1.558741646,-0.697407982
0,0,-1.759391622,0.242566885,-0.139994448,-0.836999637,-0.549121196,-0.714950385,-0.020324826,-0.557040365,0.16178627,-0.125097338,0.635234682
0,0,-0.62989333,0.133622927,-3.573932565,-1.833454705,1.045112059,-1.740090728,-2.060460613,-0.322403658,0.363279313,0.224821753,0.310855678
0.107572294,0,-1.11548273,0.276725833,0.255351137,-1.173321072,0.044071609,-0.314685732,-0.971426324,-0.924672904,-0.356612327,-1.051067779,-2.376638532
1.187740626,0,1.678104145,14.43494026,0.576487625,1.462147206,0.00866311,-0.012921241,1.668376205,0.322401602,0.262288736,0.641699212,0.67517122
0,0,-0.571106305,2.58935846,-0.536556367,0.241832971,-0.19180621,-0.888395238,-0.265100558,-0.266022654,-0.367769038,-0.160592508,0.117248945
0,0,-0.917795323,0.234622847,-0.462526188,-0.004241613,0.199621172,-0.690973239,0.623606576,-0.233606751,0.028570756,-0.560500204,0.020415298
0.032657636,0,-1.061570635,0.004995365,0.537399143,-0.609396547,-0.28188134,0.764429319,0.496028395,0.521257445,-0.69097164,0.247263394,-0.122306879
0,0.050674411160629,-0.563712024,0.154063799,-0.866002692,0.590332618,-0.099929277,0.350781393,-1.960169705,-0.956178582,-0.743317717,0.098526175,-0.404661313
0.045701613,0,-0.881267275,0.158109593,-0.312679451,0.746522232,0.510723811,1.76982775,0.09362561,-0.638934887,0.074747617,-1.128026126,0.699801367
0.031732514,0,-0.609520272,0.208683368,-0.735526236,0.616858828,0.118421246,1.938778017,0.506760245,0.719985675,1.145047656,0.473971763,0.41642729
0,0,-0.58364798,0.139706023,0.141477543,-0.04405262,-0.05264969,0.7786580079999998,0.282037986,0.642912866,-0.477584327,-0.23138778,1.188359992
0,0,-0.596159097,0.140720905,-0.442501585,0.499225442,-0.907301796,1.316835548,0.302479469,1.100074542,-1.983333706,1.207261689,0.5067513
0,0,-0.442087737,0.379642148,-3.514349202,1.387830886,0.307369722,-0.482518709,0.053612339,0.198594074,0.391189078,-0.480209284,0.030112104
0.164032093,0,0.152352191,0.495704601,-0.653703428,-0.539281897,0.005586309,0.483600352,-0.823840848,-0.411491865,-1.326204988,-0.140284424,0.671083831
0,0,-1.368999223,0.171533142,0.141746997,0.608105418,0.81282789,-0.041358437,2.132829613,0.512700453,1.722265278,0.384246884,2.076805836
0.12928439,0.0430947968237326,-0.278778601,0.036476513,0.393930215,-0.084812044,0.539151232,1.264285942,0.770487329,0.649394505,0.654651434,-0.253556448,0.414698818
0.074974461,0,0.639841182,0,1.352728903,0.300250304,-0.0450588,-0.021936859,-0.379384574,-0.227823237,-0.740030524,0.183110779,-0.369965888
0,0,-1.045995398,0.016181067,-0.092931052,1.196550065,0.254473049,1.375932747,0.008769499999999998,1.32213347,0.370082534,-0.194549222,-0.165213232
0.048571343,0,0.176299629,0,-0.330919442,-0.013631123,0.106786306,0.016796175,-0.192280419,1.334782525,0.240238556,0.979072502,-0.311280522
0.259862599,0,-0.23671862,0.023199749,-0.366942733,0.142963472,-0.456539165,-0.304316251,0.232824419,0.486115382,0.026412184,-0.024828814,-0.613751945
0,0,0.096159038,0.030632421,-0.867077313,-1.131985656,-0.212203191,-2.35405992,-1.237075105,0.230041047,-0.946338505,-1.690697311,-0.188417572
0.027694767,0,-0.157430526,0,-0.303568731,-0.187010924,-0.092275257,-0.605577791,-0.614129622,0.568345868,0.234743085,-0.194480021,-0.82612623
0.019711492,0,-1.283513021,0.064732843,-1.182426242,0.046117096,-0.359832983,0.8058997049999999,0.312380978,0.771046037,-1.295800136,-0.044230721,-0.321997037
0.037224953,0,-1.598971112,0.844445228,0.489652808,0.576787545,0.117494491,0.71492443,0.464799651,0.017563442,-0.798051642,-0.242860068,0.281977989
0,0,0.693997836,44.08240432,0.180080108,2.340901039,0.411208664,0.140160814,-0.572512848,-0.593923338,-0.839874797,0.059121217,0.663526444
0.015652744,0,0.421485285,0.257734249,-0.374160983,0.684588836,-0.523688872,0.91707142,-0.017526213,-0.018908492,0.272642472,-0.293223966,0.66825774
0.094549638,0,-0.067491915,0.240172481,0.508262002,-0.001986428,-0.192372523,0.514046091,-0.288913706,-1.120969428,0.819032501,-0.491111424,0.821021211
0,0,-0.58175187799999994,0.421878809,2.75781484,1.419243852,0.275706944,0.817042739,1.63929646,0.560864827,1.852030232,-0.432729918,-0.140578313
0,0,-0.645289425,0.024502491,0.943863179,-0.061234173,0.123885288,1.06415118,-0.952596062,-0.358816855,-0.040948257,-0.145168869,-0.119653148
0,0,-0.908414585,0.017877586,1.118949264,1.217387634,1.511755427,-0.092302337,0.109006348,-0.608342329,-0.349072228,0.107269091,-1.449348476
0.021675706,0.0433514127422415,-0.962914721,0.067998654,-0.291291176,0.128091163,-0.523598752,-0.493323999,-1.823165891,-0.854711781,1.27262093,0.425135987,-0.200970702
0.106207161,0,-0.885373208,4.091822115,0.129651766,0.544857766,0.2312161,1.085957517,0.468048471,1.201922913,0.166681754,0.246873344,1.17081116
0.053743298,0,-1.381294033,0.334675558,0.7360770319999999,0.171241682,-0.643124931,1.379261964,2.476661768,-0.89747324,1.24078934,0.713449836,0.406633413
0.013476186,0.0134761868533192,-1.421966979,0.07681375899999998,-0.13703268,-0.028028951,0.047272744,-0.245308378,-1.177881368,-0.324345137,0.401205427,-0.122066627,-0.898817141
0,0,-0.736833063,0,1.379471771,-0.191299932,-0.621796274,-0.7846766349999998,-0.656969985,0.334129123,-0.83015338,-0.356401705,-0.168910634
0.072023983,0,-0.910158551,0.241878805,-1.608006237,-0.353166043,-0.286593214,0.258430495,-0.650607653,-0.546802859,0.706548463,0.250248878,-0.51524606
0.03826431,0,-0.823575943,0.088139559,0.134425067,-0.998000598,-0.35449558,-0.777146122,0.894907238,0.418468904,-0.6721264,-0.430703861,0.623282563
0.132454752,0,-1.037743639,0.011072149,0.744449628,-0.206482049,0.602221479,0.799490616,-0.59849861,-0.097770879,0.37229175,-0.31766573,-0.913497363
3.75424304,0.240271568431465,0.688586898,0,0.444881107,0.056685186,2.463229949,-1.669054646,-0.746620584,2.59871388,2.747904935,-0.07657200899999998,-3.130252246
0.049359238,0,-1.151005552,0.07168915,-0.503607491,0.261261399,0.260848273,-1.219678715,-1.70451661,0.405697609,-0.05173066,0.488592485,0.227053592
0.027305967,0,-0.263364048,0,0.979501976,0.283449226,0.202184435,-0.907656948,0.540405959,0.167034152,0.123468818,0.795588038,-1.445424161
0.029901737,0.0299017394267057,2.52160498,0.561064778,-0.136344815,-1.383049786,-0.247225689,-1.161694816,-1.569887237,-1.349315884,-0.613513615,-0.315696479,0.882746931
0,0,-0.668237944,0.086965129,0.493764781,-0.400070973,-0.046890764,-1.550445371,-1.595405328,-0.733174252,-0.591520559,-0.489108192,0.974200499
0.044527424,0,-1.227989966,0.9896368900000002,-1.634373485,-0.816744197,0.232982212,-0.482183669,-0.468521769,-0.159067032,0.148464363,-0.158824468,-1.03886108
0.027205257,0,0.646518589,0.027666636,2.09276744,0.785958765,0.04926139,-0.276148374,1.354247771,-0.892710164,0.530121505,0.927238271,0.329143552
0.03803123,0,-0.428640415,0.521333634,0.138846651,0.948368782,0.683358147,0.018697346,0.79466303,0.148158136,0.538079178,1.207285808,0.326917646
0.090729978,0.0181459946721274,-1.056628647,0.546348593,-0.016246535,-0.262410961,0.465481017,0.108900515,-0.769122638,-0.797439786,0.522041798,-0.028700912,0.97104938
0.063542026,0,-1.086513326,0.082204975,-0.988006716,-0.286821688,0.155812264,1.553273605,-1.020839532,-0.025485181,0.676255805,-0.29303516,-0.173273082
0,0,-1.200555401,0.457583976,-3.271400777,-0.94524483,0.082412563,-1.613222208,0.150206123,-0.596262337,0.573243627,-0.285984853,-1.391514626
0.048496078,0,-0.373834908,0.90603774,-0.844592585,0.315942225,0.906160372,0.886319647,0.7700580489999999,-0.266163507,-0.390928975,0.91778967,-0.606762278
0,0,-0.110473871,0.13144229,0.747865809,-1.403299675,0.681574635,-0.217760789,0.988544695,-1.520082558,1.768730189,-0.078670604,0.718323574
0.049381684,0,-1.636763603,0.506344767,0.602294147,0.873491066,-0.969731262,0.425414267,0.942436004,-0.748008536,1.474520125,-0.122779146,0.713999756
0,0.0564277501960637,-0.788844119,0.185653248,-0.8597155589999999,-0.358179471,-0.130988972,0.406872162,-0.476716527,0.208201183,0.875908389,0.288886402,0.906887188
0.067867686,0.0246259350036382,-0.920581396,0.720391356,-0.222674065,-0.325064547,0.514948631,0.408783843,-0.529555127,0.211192906,-0.243990109,0.080519558,0.599250019
0.085194712,0,0.729738904,1.146403437,-0.8861921379999999,0.679144586,-0.907869399,0.513733812,1.712197111,0.182453749,-0.328956586,-0.258989089,0.322942726
0.686123694,0.891960837977932,-0.146997747,0.004019342,0.101183392,-0.454946209,-0.524552482,-0.361112945,1.32984752,0.090919612,0.853527471,-0.763823883,-2.168347073
0,0,-0.798395654,0.051467719,-2.232747456,0.014576244,-1.451443562,-2.648292368,-0.010996544,0.516049814,-1.067875134,-0.192686448,0.171130519
0.025214435,0.0252144340269921,-0.246570605,0.773291316,-0.092019925,-0.003980505,0.260886012,-0.215949804,0.057577303,0.298009536,0.998664732,0.458138855,-0.144114344
0.093099165,0,-0.32741271,1.396457376,1.722538064,0.17799764,0.897189468,0.105170066,2.355978643,-0.186407531,0.826991965,-0.405163285,0.750324283
0.020555811,0,-1.157997346,1.590928242,-0.611592039,-0.2620173,0.079264795,-1.34529693,-1.586599324,-1.554387261,-1.404722369,-0.364459994,-0.450001616
0.233358284,0.207429581182082,0.357930989,0.004648595,-0.347527414,0.742545323,-0.017484843,0.193602151,0.748313789,2.660081914,7.09328624,0.721405226,-2.496028971
0.154620213,0,0.0537609,0.488153005,-0.881923841,0.635009087,0.069172318,1.618042404,0.626136938,-0.728668589,1.072088498,0.602741477,0.225465158
0.089003522,0,0.015309772,0.9116129340000002,1.434034198,1.008122501,-0.398276687,0.490053264,1.035191964,-0.103411542,0.262110674,0.010558522,-0.160935627
3.54575257,0.361682769594006,-0.297724089,0,0.731136903,1.819220477,0.021775356,-0.514522157,3.076309542,1.125944751,6.315624129,0.47790469,-1.191502801
0.3204299,0,-0.643149518,0.175723471,-0.876518208,1.252015486,0.307491037,0.119415928,-1.216347155,0.635875125,3.32256e-4,-0.662475847,0.27348724
0.02428826,0,-0.553064171,0.327309925,0.478665216,1.041693458,-0.406768688,0.160120097,1.149608498,-0.413902268,0.66142281,-0.165951274,-0.074484164
0.038572683,0,-0.825952643,0.146360209,0.026901703,-0.367093738,0.071531098,0.419570067,-0.144599529,-0.517222629,-0.00545647,-0.138449948,0.230943273
0.032056043,0,-1.921863948,4.415726385,-1.817615191,1.430384799,0.453839348,-0.163952688,0.683673819,-0.145287034,1.02248607,-0.237964324,-0.255283393
0.09938332,0,-0.541531757,0.221346818,0.7759830239999999,-0.273877432,-0.730503805,0.156834462,-0.317635047,-0.245437198,0.48172684,-0.578571412,-0.115929413
0.022524848,0,-0.313334715,0,-0.035927486,-0.133626226,-0.272898914,-0.944700516,-0.644969547,0.018481957,-0.550748816,-0.441006663,-0.458184019
0.049529589,0,-0.458284541,0,-0.790936622,-0.374819559,-0.265261309,-0.044199807,-0.240440883,-0.178493698,0.090200607,0.310861438,-0.12404453
0.018080794,0,-1.319152402,0.0338326,0.242588347,1.332000507,0.553166174,0.96379563,1.210835222,0.294671135,2.051018086,0.07853507199999998,0.059055998
0.021814774,0,-0.751674225,0,0.27181227,-0.312825425,0.610496204,-1.32729006,-0.131830739,-1.140444488,0.915560662,-0.598005811,-1.477050861
0,0,-0.353629838,0.023971307,-0.551638288,-0.279779594,0.251982066,0.253376014,-0.424125055,-0.041838818,-0.451881384,0.172674827,0.553892514
0.034829814,0,-1.682170989,0.148310915,0.108658142,-0.378604588,0.062952784,-0.563166383,1.126254075,0.264956811,2.069539565,-0.406690488,-0.076260065
0.158074906,0,-0.172921354,0.027016161,-1.772098167,-0.013889459,-0.867309914,-1.201732417,-0.7605976909999999,-0.55458227,-1.439972008,1.036554053,-0.221206212
0.024196206,0,-0.928891087,0.07788581699999998,-0.427350782,0.351204186,0.711471108,1.39573645,-0.101442641,-0.375326698,0.7315228729999999,0.707682373,0.197570255
0.043482158,0.0217410807751494,-0.046540024,0.065127844,-0.324131903,0.460832966,0.067967735,-1.685115651,-0.423529779,0.419719066,0.196358095,0.362295977,0.602329522
0,0,0.612031879,0.015374592,-0.306246441,-0.513178429,-0.314498345,-0.59003708,1.461979295,-0.056360904,0.153067699,0.218299618,-0.516033788
0.050056153,0,0.629713026,0.026946787,-0.960285198,1.013131662,0.058824691,-1.102455036,0.942621767,-0.003252465,-1.227992734,-1.135615319,0.778161057
0.030251782,0,-0.520444371,0.072521545,-1.854954356,-1.210294486,-1.559684365,-1.403637234,-0.205581511,-1.329351967,-1.038047021,-1.195528745,0.359368365
0,0.0258189344687196,-0.589354013,0.099889063,1.472111071,0.930695985,0.990113432,-0.947029276,0.0726864,-0.593491551,-0.358387018,-0.245796443,-0.336974207
0.086525298,0.0288417675857909,-0.767067639,0.050459706,0.9120494830000001,0.39137331400000003,-0.157872989,-0.13925028,-0.633421909,-0.121738957,-0.122940645,-0.020530918,0.615870934
0,0,-0.202217564,0,-0.929821468,-0.040461660000000003,-0.156997393,-0.146081363,-0.375044264,-0.029215792,0.108706004,-0.3535662,-0.534120353
0.035994334,0,0.008352567,0.123583623,1.029239045,-0.400930729,-0.134290123,-0.539813832,0.358552708,-0.472349867,0.355293426,-0.183869055,-0.621584391
0,0,0.598126208,0.741333393,0.98763459,0.853174258,1.020860578,-0.344830662,0.587112587,-1.025637007,-0.129870853,-0.198005459,0.58166266
0.074238701,0,-0.626623967,0.030949769,-0.137684216,1.687503283,-0.228557073,-0.110190914,0.328442696,0.014116507,0.484387819,-0.293487968,0.586193724
0.016034786,0,-0.985504627,0.024877209,-0.704040821,-0.071835767,-0.628114242,0.47601494,-0.029385341,0.41688548,-1.035020894,-1.026317402,0.838917528
0.036856272,0,-0.317274487,0.014095644,-1.515728249,-0.469354583,-0.234034242,-0.010676534,-1.081943283,-0.956022313,-0.9030642350000002,-0.32667422,-0.93637903199999994
0,0,-0.835701399,0.004881635,0.179428355,0.030856592,-0.195484003,0.238487103,-0.838196359,-0.2053015,-0.74486074,-0.300924577,-0.21802813
0.01752483,0,-2.282020507,0.05889766,-1.287496739,-1.079910497,0.004112148,-0.708582973,-0.553118099,0.619321208,0.241259599,-0.972760056,-0.885756781
0.120927667,0.0604638314418426,-0.026247776,0.24853391,-0.430041685,-0.589617617,0.092844083,-0.720238748,0.499830177,-0.766211632,-0.30046333,-0.157898568,-0.28152085
0.045906972,0,0.260095018,0.291284633,-0.924714058,-0.087111729,0.387553935,-0.678541879,0.770178927,0.298180429,-0.147328511,-0.477534982,0.967212964
0.04505643,0.0450564262604332,0.01423045,0.049758273,0.755580853,0.183351714,-0.314351533,0.915804033,0.507302634,-0.749420403,-0.217968019,-0.129431224,1.450199831
0.038865685,0,-0.401586352,0.113050993,-2.056362773,-3.040120386,-1.078339045,-1.085605461,-2.253143876,-2.012790725,-1.29402211,-2.5154499,-1.21747972
0.167927204,0.0671708750858546,0.158561108,0.319992572,-2.464873195,-0.649856089,-0.073780224,-1.601441062,-0.84704037,-0.373651086,-0.963622595,-0.521797432,0.171682645
0,0,-0.451377636,0.119211724,0.350623021,0.361603514,0.424312012,0.302084496,-0.074982386,-0.713662178,-0.535564854,-0.22085515,0.317510391
0,0,-0.798534699,5.869701658,-0.169477938,0.276736677,-0.517525694,-0.033245436,0.046327291,0.322185294,-0.896635558,0.220745758,-0.141485959
0,0.0260941400569724,-0.54207406,0.351170212,1.992779147,0.585151079,-0.320278816,-0.275629187,1.451748011,0.261792682,-0.7962262209999998,-0.661446233,0.74987058
0.053537594,0,0.610706547,0.89160154,0.485076302,0.045697106,-0.039832848,0.84836128,-0.011639332,-1.085677277,-1.324504356,0.7727178489999998,0.535910042
0,0.0406826499566911,-0.924777045,0.054117238,0.179073333,-0.545282849,0.087152829,-0.059582833,0.573580531,1.084091413,1.261781214,-1.047137041,1.748448995
0.021519428,0,-0.850497207,0,-0.657925043,0.045200347,0.161758632,-0.157910088,0.8831634149999998,0.203989016,0.54235691,0.214263261,-0.228364268
0,0.022972798691272,-0.984099543,0.096372308,0.344035213,0.227638729,0.06084975,-0.112906428,-0.7563617059999999,-0.334415108,1.337119171,-0.68052716,-0.064002002
0,0,-0.089141069,0.169336011,-0.105850985,-0.60310107,-0.203087748,0.591134757,0.7548517369999999,0.304669135,-0.570777216,-0.737075993,-0.326879652
0.056739649,0,-0.523703827,0.045251942,0.024154102,-0.211278937,1.115437545,0.208859536,-0.8049550279999999,-0.290229122,-0.827536995,-0.81186223,-0.37631962
0,0.0256045025251404,0.060363917,0.005340832,1.035309963,0.608167071,0.085659248,1.189385469,0.698930928,1.630316165,-0.039693956,-0.257686602,0.172098648
0.026100021,0,-1.026675406,0.92753518,-0.658012104,-0.396238638,0.378524254,-1.22070889,-0.710557611,-0.937995861,1.208795877,-0.032042672,0.106572859
0,0.0571183946954588,-1.473001579,0.08757145099999998,-0.920456372,0.556287268,0.44800471,1.578475015,0.202287897,-0.547693851,-0.850084854,-0.720426443,0.383371574
1.206823189,0.271527766906281,1.002877828,0.008030360999999998,-1.277292172,-0.408181209,2.749813142,3.714507031,4.346550657,5.14106359,6.169384104,2.155516985,-0.605886718
0.07500932,0,-0.704766333,0.172685682,-0.7562968759999998,-1.393242478,0.061444527,-0.135473662,-1.190277699,-0.975725948,-1.450305283,-1.00986366,0.251847641
0,0,-1.07198112,0.22446769,-0.319346014,-0.262024882,0.256922545,-1.651336587,1.814535502,-0.565993691,-0.174306652,-0.382435023,-0.299941945
0.022758747,0.0248333504831072,-0.765563052,1.485911298,-0.975083847,-0.649901903,0.403389105,-0.91996995,0.12841022,0.485319338,-0.182176329,1.064712813,0.806269759
0.276982346,0,-0.704320575,0.08467461299999998,0.426430684,2.196366828,0.37756298,0.686088779,1.036045383,0.392274316,0.339460438,-0.563095352,0.004296994
0.064564148,0,-0.531612766,0,0.49963726,-0.182392305,-0.464227112,-0.8180182609999999,-0.416675051,-0.021375821,0.997386387,0.095234169,0.013827003
0.325789154,0,1.000132589,28.0617609,0.8055615969999999,1.150826148,0.153742833,-1.081228498,0.828050509,-0.440175583,0.913851138,-0.912656184,0.51596406
0,0.0255112274159276,-1.15820742,0.069067003,-0.71161722,1.456158484,0.863769353,-0.9122981160000002,0.150011125,-0.340452546,0.436067118,0.402685233,0.210678057
0.435538856,0.0110472230600501,1.294801255,5.575413505,-0.332542552,-0.126802358,-0.122521631,-0.288498007,-0.38160111,-0.750312387,-0.186821729,-0.346710416,0.427019179
0,0,-0.316122614,0.009633571,-0.089098535,-0.054620855,0.218629826,-0.049857172,-0.10390163,0.255248172,0.363408167,0.144080608,-1.010775408
0,0.0312117671945434,-0.725979388,0.040818796,-0.922492852,-0.458943019,0.383896963,-0.66254909,-0.085384369,-0.327093973,1.044722368,-1.377900642,0.056680548
0.025170782,0,-1.263861949,0,0.381273668,0.659417864,-0.154508901,0.479805911,-0.147400545,-0.884873365,-0.562514082,0.182174017,-0.731134423
19.73775628,0.0365513974022975,-0.626629895,0.101325065,0.003656456,0.194251278,0.067789434,1.085595717,0.984357042,1.01343541,0.018397521,1.218003736,0.623617141
0.06537603,0.14709607143586,0.825044417,0,-0.503825372,0.455927433,-0.555623011,0.419973286,-0.756004315,0.824721266,-2.422393358,-0.231982873,-1.61425552
0.114176707,0.030054873128826,1.631347314,0.231373964,0.496150592,-0.17359367,-0.590364583,-1.255230387,0.110966252,-0.006048403,-1.546278722,0.082224058,0.480545088
0.014222829,0,-0.594859942,0,-0.033082839,0.131600652,0.045073291,0.698201629,-0.298997499,0.171464996,0.444754603,0.332537802,-0.818094154
0.048373756,0,-1.647043674,2.441723364,1.130884059,0.473003684,0.553040636,-1.160177838,0.434535706,-0.165434659,0.55871379,0.265977898,-0.160470228
0.186507473,0.0310845798079184,-0.196404973,0.071289349,-0.531365568,0.015583414,-0.429143652,0.039150899,-0.151954313,0.1336866,0.485922082,-0.386364556,-0.83886683
0.031251318,0,-0.697467785,0.132753734,-0.08449128999999998,-0.218013923,0.48911289,-0.26322996,0.750203383,-0.370498323,0.35750176,0.049916328,-1.000339227
0.022474025,0,-1.1008254180000001,0.533662357,0.70226802,0.720384016,-0.700295228,-0.7381371839999998,-0.598813801,0.127259942,-1.541944689,0.049306974,0.267654317
0,0,-0.474948416,0,-0.147281602,0.119376847,-0.053064551,2.234329543,0.520323484,0.664448191,0.89212187,-0.412756939,-0.281377543
0.018519791,0.0268498005172806,-0.882602726,0.454766888,-0.08474047299999998,-0.611809913,-0.821921856,1.896377997,-0.693803779,0.161232896,-0.786943275,0.7424548439999998,-0.032340737
0.02231883,0,-0.792159465,0.02212233,0.436980064,0.083237117,-0.08234738,1.358376074,-1.13732647,0.070392002,0.644351232,-0.32187287,-0.361224459
0.109942316,0,-0.361593092,0.751582415,1.708130766,0.582040943,0.089126078,-0.241686857,-0.485609922,0.081403237,0.768158232,-0.240470649,0.322090643
0,0,-1.130252713,0.133583959,-0.348792308,-0.07352493,0.229009319,-0.583243037,0.484574356,-0.540487064,0.444928482,-0.129618868,-1.761469747
0.03417212,0,-0.906769697,0.579552894,-2.380145133,0.165587962,0.031955969,-0.420965398,1.642194171,0.124655558,-0.570450528,0.8479206019999999,0.253132702
0.046802895,0,-0.634848502,0.173469623,-0.317601628,0.243062571,0.748677006,0.627914039,0.08677007,-0.894519207,-0.139067281,-0.580959776,0.625343493
0,0,-0.434102929,0,0.121609824,0.553898768,0.319238343,0.283866392,0.342427485,0.395894559,0.090276162,0.528009752,-0.626360613
0.074958117,0.0225696174211532,-1.070948961,0,0.4083312,0.302109142,0.79329291,0.708926565,1.42148641,-0.336228415,0.914827155,1.221861468,-0.739844061
0.046212416,0.0154041394826062,-0.949579461,0.707062158,-0.03530693,-0.21569198,0.317225483,1.477735542,-0.764230826,-0.175511399,0.762761396,0.71670275,0.333313727
0,0,-0.343123158,0,1.874188023,1.373553321,0.433070471,1.291848438,0.557868258,1.326159465,1.130781623,0.406207581,-0.086034175
0.037191086,0,-1.061711342,0.23918964,0.531982311,0.02279787,-0.657456432,-0.6713161,-1.087912757,-0.360643828,-1.345329611,0.511283287,1.007251665
0.046256542,0,-0.562445862,0.050178462,-0.272319169,1.316098931,-0.382144138,-1.017177479,-0.2005207,0.451901478,-0.471422099,0.008898873999999998,0.209253963
0.032139136,0,-0.900974806,0.155042402,0.716588596,0.487119319,-0.323688686,1.244592729,0.305477895,1.595210867,0.123859954,0.512681262,1.391240197
0.056995879,0.0569958783411518,-0.329865603,0.007260071,0.071959343,-0.472336146,0.056120242,-0.990948556,-0.794318812,0.167955134,-0.7767900869999999,0.68397336500000006,-0.035097102
1.458455725,0.286854773303396,1.774379453,0,1.078364556,0.171945312,0.532150056,-0.401577256,0.323519021,-2.846539481,4.428975442,-0.049698386,-3.155951787
0,0.0192407680177973,-0.86254372,0.200894671,0.064422968,-0.026751019,-0.956469847,0.411612019,-0.224410451,1.308882587,-1.324519123,-0.715580528,0.230606417
0.098634766,0.0246586932208059,0.308146944,0.173374155,-0.055998823,-0.125433845,-0.940997241,-0.307801542,-0.76047175,-0.589211734,-0.332739175,-0.115539611,0.465052616
0.070384889,0.0329609215027409,0.776505293,0.256682687,-0.095624173,0.030962717,0.417638389,0.081198263,0.298781196,0.195569054,1.387354882,-0.111565959,1.690243779
0.076038504,0,-0.611553441,0.960585595,-0.405488692,0.078343928,0.120971132,-1.110321921,0.64432484,0.399572736,-2.595529241,-0.650736688,1.104117748
0,0,-0.01559178,0.117630112,-0.42937018,-0.042234274,0.491259154,-0.01564186,-0.454258679,0.300824113,-0.211351225,0.571291075,-0.693239009
0.150539317,0,1.651749066,0.136551428,0.476123836,-0.178432336,-0.187840397,-0.314419973,-0.836285111,-0.179795553,-0.7654674529999999,0.105723096,0.953768092
0.044501115,0,-0.24331171100000001,0.113627049,-0.436510231,-0.492125374,-0.207569957,-0.570195082,-0.494413828,0.029474374,-0.159820294,-0.38122023,-0.438529868
0.019267439,0,-0.056898648,0.012843374,-0.987624236,-1.733206405,0.819956154,1.441752509,-1.676645828,0.468241806,-1.027248436,-0.034758,-0.742914967
0,0,-1.070294104,0.690173769,-0.102764551,-1.625591525,0.324874532,0.34664689,-0.066581168,-0.681383684,-0.173671833,-0.671206464,-0.251947164
0,0,-0.552808793,0.01058344,-0.007700022,-0.183203316,0.262759305,0.247832899,-0.33074673,0.505768437,-0.120796857,0.219509831,-0.368962184
0.039064307,0,1.359664322,3.183515826,-0.327729501,0.044995852,-0.369010803,-0.176546724,-0.139363644,-0.244644512,-0.35198437,0.977848717,0.487146545
0.182049605,0,0.612969097,6.969855943,-0.062709477,0.714834034,0.07058475,3.816793969,0.78598034,0.50863171,-0.535956428,-0.947887978,0.743348258
0,0,-0.634375322,0,-0.151967059,0.549157344,-0.588054718,-0.193133027,0.187142323,-0.428917782,-0.966022821,-0.551493366,-0.229264175
0.025546104,0.0827704738781792,-0.07318413,0.392552198,-0.016712144,0.791872906,-0.562278164,-0.214785661,0.381801646,-0.643770942,0.678826122,-0.245531616,1.051534336
0.039993186,0,-0.771963693,0.006398654,-0.564907919,0.070457534,-0.213537519,0.091813888,-0.498839821,0.308947194,-0.492360089,1.226671284,0.933743207
0.218131015,0,1.130695148,13.78880966,1.26183286,0.866723943,-0.388310625,1.352691538,0.582692827,1.537488569,0.647370885,0.623300591,0.750589479
0.068420839,0.0248040357687378,-0.703922229,0.08659040699999998,-0.863702123,0.159868755,-0.177519859,-0.275040551,0.154130401,-0.311842309,0.007307676,0.385084114,0.988896482
0,0,-0.415305167,0.028137929,-0.233567487,-1.106366344,0.079380324,-2.462953361,-2.488850068,-1.061920784,0.7680455619999998,-0.982091835,0.899212754
0.023899317,0,-0.071936434,0.015328619,-0.511019379,0.475877583,-0.050041862,-0.285437257,0.080625904,0.019177395,0.148320008,0.356023262,-0.56720322
0,0,-1.689684064,0.033485588,-0.788731462,1.361725835,-0.259206495,-1.102972744,1.004433977,0.455277625,0.815007025,0.259154785,-1.778703966
0,0.0304265580399702,-1.200204518,0.08127785299999998,-0.498408575,-0.52909543,0.158012308,-0.305665399,0.7471318329999999,0.331360626,0.206508085,-1.385440531,0.428514548
0.038591301,0,-1.095582828,0.005708988,0.304536933,-0.294541933,0.05642658,-0.134254477,-0.033514604,0.931672442,1.931269403,1.915502626,-1.111348003
0,0,-1.2190573200000001,0.209071573,0.646186548,0.038678741,-0.419335725,1.409701101,0.5656813,-0.181579224,-0.379791243,1.669095277,0.084079203
0.177005756,0.579291574756164,3.844687818,0.006600358,-0.416744537,0.655296084,-1.298167324,-0.456433368,0.828653653,0.033749705,1.078430147,0.29593589,-3.807800897
0.012245854,0,-0.749254169,0,-0.598875157,-0.593051021,0.421505692,-0.533992686,-0.352676814,0.202530393,0.109224652,-0.697398956,-0.874066443
0.07277675,0,-0.292612536,0.249342225,-0.354316975,-0.104376167,0.211810989,1.039027343,0.294099308,-0.797291952,0.352758299,0.492856514,-0.086580191
0.044569188,0,-0.611773086,0.021597393,0.634146342,1.044000313,0.30263457,0.514208003,3.162025767,0.644949962,1.375846739,0.300988206,0.230498964
0,0,-1.587732243,0.001933606,1.480370354,-0.618329811,0.526735798,1.438520352,-0.356798559,-0.05738906,-1.062865144,-0.909969656,0.330422707
0.065000381,0,-0.876683705,0.07932093399999998,-0.312142349,-0.028903895,0.138199719,1.486373564,0.608807954,0.336317733,1.246069476,-0.043561825,-0.18427463
0.044311923,0,-0.71268269,0.086250723,1.539441006,-0.452054879,0.148775322,-0.681949022,-0.309074392,0.052930443,1.310189058,0.537507534,0.023397237
0,0.0278298931953543,-1.047788972,0.05161877,0.804632491,0.721067964,0.323357783,0.234976335,0.183558747,0.262119211,0.698249125,0.201340668,-0.176375327
0.164948343,0,0.350062156,0,-0.934952965,0.416331073,-0.227001439,2.563112403,0.238478395,0.178420141,-0.486028417,-0.097291975,-1.332535164
0.040737403,0.0287139916821987,-0.699425995,0.070321054,0.161758549,0.630213704,1.209513066,0.143467158,0.547109288,0.906390218,1.107156696,0.466592517,-0.507525509
0.035549767,0,-0.428488622,0.474929326,-0.137544833,-0.977405269,0.157391792,0.908560607,-0.184288752,0.183095761,0.720694269,0.432377654,-0.264293976
0.072386192,0.0241287308194224,-0.671780095,0.475983241,0.676755189,0.615025445,-0.839606634,0.030550634,-0.039161499,-0.607841297,0.29056855,0.025543759,1.213450581
0.090526753,0,-0.251051897,0.1956826,0.063261026,-0.246829666,-0.410110343,-0.324150432,-1.150978706,-0.705749297,-0.517843858,-0.39336443,0.642143021
0,0.0315427519240712,-1.018207075,0.194097205,0.009316464,-0.051206772,0.300655157,-0.820694361,0.8040509289999999,-0.058249869,0.7515311759999999,0.298584993,0.275705311
0.128378478,0,-0.252600004,0.206012648,-1.209933463,-0.878900502,-0.555133685,-1.192837631,-1.090973479,-0.493674833,-0.494859385,-0.922052987,0.228277802
0.182774856,0,-0.706275877,0,-2.74579721,-1.212579839,-1.6823066,-2.364311025,-1.31425378,-0.352229908,-2.205243717,-1.181909758,-0.901576784
0,0,-0.391027366,0.097957427,0.31731143,0.908406303,0.579761982,1.165788165,1.570847509,-0.756858957,1.351359859,0.9486625620000002,0.417741119
0.03563359,0.0356335910526847,0.972248807,0.179290922,-0.525186603,0.379897462,-0.029124371,1.036852465,-0.439533754,0.112657431,-0.8269293519999998,-0.718378225,1.215256218
0.105118444,0,0.171173527,0,1.444430027,1.17265819,0.147308507,0.795490252,1.265920649,0.852162679,0.686996718,0.662010598,-0.470659667
0.097989619,0.0258401409361563,1.258040134,0.08901571199999998,0.578833668,0.744406324,-0.289032077,1.364157962,0.325312446,0.651488739,0.56778002,0.943302612,0.352828927
0.238815962,0,0.310395164,0.160619269,-1.033214398,-1.137401008,-0.655694464,0.564365614,-1.332344548,0.669458994,0.730328834,0.321102774,-0.114595021
0.068074318,0,-0.493822823,0,2.377300748,0.849377306,0.148294954,-2.793792555,-1.027637709,1.048848696,0.7535489669999998,-0.131701497,-0.68212581
0,0,1.139538263,0.21001385,-0.265708076,-0.156263239,-0.782753527,-0.294010383,-0.17149798,-0.774934442,-0.927967131,0.373391796,-0.104231449
0,0,-0.556675465,0.08739115,0.919807848,1.361634718,-0.153217805,1.352882758,0.946941454,0.869437815,1.071354452,-0.366004372,2.185452231
0,0,-0.337464029,0.036759627,-0.361233186,-0.212892225,0.256718906,-1.303623313,-1.779409076,-0.263484983,-0.573393993,-0.436197568,-0.732186761
0.112755172,0.322330622886165,0.424982315,0,0.569883773,-0.029887954,1.49702184,0.8968387869999999,0.867546574,-1.048978902,1.251473546,1.231420179,-1.28214922
0.017726174,0,0.205397959,0,0.469364233,-0.170863654,0.072474715,-0.5218863,0.064122997,-0.605710996,-0.7651530909999998,-0.542113283,0.223697845
0.025328026,0.0253280259584567,-0.964053817,0.031700885,-1.046033702,1.320994963,0.976521365,1.532942549,0.811230311,0.714652104,-1.105178067,-7.82902e-4,2.141069594
0.066730091,0,-0.421488288,0.003926626,-1.117324156,-0.13235925,-0.493815098,-0.7636508389999999,1.744631994,0.399363686,0.215800729,-0.293264567,-0.280027703
0,0,-0.510440734,0.033964803,-1.039272214,-0.580966305,-0.208084494,1.287019438,-0.220411368,0.480345968,0.144452509,0.268742902,-0.514674897
3.1834448380000002,1.65239728203259,1.186818188,0,-0.072193085,0.727706725,1.307772389,0.505907372,2.296209748,4.445204394,6.40899491,1.303429343,-2.020353965
0,0,-1.714407209,0.242844673,0.236702369,2.348509423,0.570888043,-0.310115645,0.479419862,0.56950609,0.753442009,-0.454058131,-0.072832564
0,0,-0.909801132,1.213283199,0.873268681,0.370394882,0.484226459,-0.601444138,-0.434525045,-0.34544125,0.250765524,-0.9580752480000002,0.647135157
0.052943029,0,-0.507070501,0.036843137,1.287145272,0.621141628,-0.524489221,0.614474361,0.363217015,0.638409434,0.8635605699999999,0.295748488,-0.356774364
0.023954603,0,-1.254503687,0.396962398,-0.224730772,-0.714539318,0.275725775,0.491430556,0.530134021,0.371850704,1.019740493,0.083878355,0.179708872
0.136381321,0.0227302199864795,-0.433586073,0.552214872,0.237871411,0.103540451,-0.459071035,0.941457698,0.36338358,0.683930722,0.686445231,0.518279985,1.084580135
0.023687732,0,-0.6452564,0.161576602,-1.050184457,-1.624914157,-0.832137726,-0.678456616,-1.081900211,-0.231612993,-0.715921162,0.866128525,-0.601259872
0.087635807,0,-0.193544113,0.036541267,-0.585598161,0.160170276,0.521757785,0.9757452820000002,0.62147152,0.061698628,0.865874092,0.043772637,-0.675564445
0,0,-1.645957603,0.037373143,1.366480966,-0.548895702,0.269643987,2.513158699,-0.040452717,0.44990528,0.646873758,-0.438159733,0.370599587
0.072714804,0,-0.697692844,2.52144644,-0.61180145,-0.244710053,0.523392355,-0.083318448,0.8266986509999998,0.074414823,-0.433152673,0.078570183,0.607461662
0.03266455,0,0.174745617,0.428194521,-0.063712749,0.068515433,-0.037963871,-0.236997933,-0.561790213,0.566715807,0.464503649,0.41554995,-0.468757664
0.020350152,0,-0.858712995,0.049079583,1.118267665,-1.228829539,0.477347299,1.519877924,-0.058921635,0.533947954,0.881752804,-0.362899753,0.168978711
0.078165681,0,-0.283278963,0.415810227,1.915279626,0.648225633,-0.591616132,0.593390471,2.256188877,0.369399725,0.519507168,0.82576982,-0.3666203
0.066126971,0,-0.129475104,0.478145909,0.42434697,0.504504879,-0.279540223,-1.222693706,-0.163440486,0.485509584,-0.864320991,-0.454751321,-0.229724477
0,0,-1.642916575,0.48956809,-1.321372543,-0.342235112,-0.081099428,-1.606718117,-0.932704399,0.407325489,-0.034216779,-0.678036657,0.228578933
0.053135243,0.106270481239958,-0.133576035,0.722852201,0.45588585,-0.004472648,0.186678383,0.338757952,0.529085541,0.428841583,0.622286768,0.086203072,0.133104882
0.020896516,0.0417930338475787,-0.273846633,0.232094097,-0.393573662,0.068199959,-0.077606658,0.953079824,0.260867071,-0.128574938,0.341752401,0.108393632,0.724552072
0,0,0.07184632,0.263921167,-0.148993213,0.508152789,-0.211289552,-0.170706852,-0.05805076,0.315820659,0.071721557,0.587978997,-0.205099875
0.046015527,0.0221261755911539,1.723156995,0.299699782,-0.790618485,-0.389103607,0.118444604,-0.591740787,2.009069588,-0.767278094,-1.952165654,-1.087427061,0.062788627
0.019962973,0.0199629741933177,-1.365153828,0.08788987199999998,-1.926531146,-0.119519791,0.015032791,0.317472939,-0.450347256,-0.852852357,-1.826551884,-0.261419828,-0.493751538
0,0,-0.09186806,0.104578286,-0.00803452,0.383585242,0.406768612,0.249199554,0.522092993,0.92392025,0.40265212,0.077521034,-0.294785143
0.089662463,0,-0.654642874,0.083141743,-0.500339345,0.032190115,-0.646459826,-0.7590049009999998,0.065795805,0.769946874,0.126850945,-0.105661835,-0.586488833
0,0,-0.492613103,1.782205939,-0.78652537,-0.343138762,-0.453901253,-1.495387937,-1.90463357,0.165703301,-0.8183465199999999,-1.423426537,-0.614557233
0.278488963,0,-0.642413243,0.445608535,0.22531482,0.410649515,0.21604848,-1.556131981,0.604905706,0.21960604,-0.7890961319999998,-0.31212987,-0.264182482
0.028365086,0.0850952563825373,-0.56580549,0.032355352,-3.821347016,0.202237931,-0.654294782,-1.605207348,-1.483225782,-0.590570647,-0.915007187,-0.888883333,-0.518047353
0.065865087,0,-0.849305704,1.070834611,-0.574223875,-0.179312561,0.736749378,0.424670942,-0.489362668,0.603373446,-0.096730269,0.441946081,-0.026037976
0.138340773,0,-0.915083562,0.011856079,-1.070470107,0.112465788,0.115341001,0.5787219,0.235160258,1.260530206,1.33523913,0.147039887,-0.121395849
0.049881294,0,0.008529554,0.2516311,-0.239618121,0.281831411,-0.026058935,-0.753575153,-1.312690529,0.643539317,0.86781557,-0.70375786,-0.486770191
0,0.0279351757233246,-1.467833211,0.010325666,0.869740657,-0.049023351,-0.48706087,-0.577843552,1.184692446,-0.616583039,-0.16907915,-0.106061546,0.893326004
0.157542737,0,-0.094055727,0.162205561,1.330643002,0.400230496,0.265963032,0.550642543,0.529289934,0.118353067,-0.9175774510000002,0.707686559,0.809591996
0,0.0253358685732153,-1.092302374,0.024667377,-1.425563809,1.039160091,0.149990908,-0.166173413,-0.264660444,-0.905869227,0.99650307,-0.966042849,-0.46645779
0.076604734,0,-0.772415857,0,-1.52545355,0.73997683,0.552695049,-0.69484153,-0.532410633,1.149583038,-1.955697196,-0.181410286,-1.007967763
0,0,-0.872808661,0.27175469,-0.262638058,1.069284058,0.083231844,1.037144289,-0.372456932,0.56611533,0.273282736,0.333778204,-1.167466653
0,0,0.023511099,0.008939987,0.266199497,-1.39953928,-0.363369949,0.250842979,-0.645763065,0.641261509,-0.527482544,-0.040831572,-0.303100636
0.061699117,0.0314709225654058,-1.181607597,0.103629184,0.9992055660000002,0.218033194,0.898694628,-0.4660663,-0.032002778,0.592438252,0.594045567,-0.896323958,-0.373374761
0.04347264,0,-0.261314391,0.997248926,-1.693770514,-0.758058811,-0.869274673,-0.218976972,-0.015582475,-0.126601615,-0.422720455,-0.185433138,-0.514567315
0.05009424,0,-0.015570729,0.033480351,0.119058542,0.749829825,-0.19540772,0.268802017,-0.613732771,-0.214415789,-0.391119648,-0.52355417,-0.332178396
0,0,1.428082794,0.755358419,1.107533547,-0.620229857,-1.050451572,-0.837347924,1.995919346,-0.245984691,0.200237426,-0.598833257,0.994947778
0,0.0801082759487924,-0.576176927,0.133840464,0.987671193,-0.017455557,-0.065025964,1.223338364,0.134025401,0.443252366,0.421915367,-0.634884069,-0.051278832
0.037612753,0,-0.421733715,0,0.199736827,0.742931127,0.08715961,1.0791098160000001,0.660560627,-0.325344846,0.165791,0.179284968,-0.017741516
0.028112801,0,1.053141489,0.7838122939999999,-0.275698919,0.169454633,-1.119985723,-1.938178581,-0.58422851,-2.16915218,0.515283122,-0.35671824,1.167115412
0.020615238,0.0496136016365748,-0.179296708,0.198687037,0.59921773,0.042804576,-0.002455313,0.49692862,0.7277391279999998,0.13074921,0.195982577,-0.061278396,-0.075220302
0.139953766,0,-0.59508782,0.001504829,-0.7429674429999998,-0.676957428,0.622136255,0.249613872,-0.380713488,0.161918196,-0.315460164,0.060570136,0.036205519
0.178082538,0,1.167691954,0.397482555,0.461579059,-0.277770604,0.040169739,-0.140345243,-0.064915452,0.1173583,-0.349465724,0.276022227,-0.712004567
0.02739421,0,0.308442627,1.586774095,-0.424628718,-0.337869707,0.177941131,-0.9425145330000002,1.213648202,0.137347196,-0.055747176,0.30418983,-0.354630831
0.047476334,0.0158254454436797,-0.629038729,0.059948618,0.024866102,0.256770215,0.25602467,0.421565693,-0.8413778899999999,-0.246782134,0.957726696,-0.107454045,0.132072242
0.533057877,0.0918963731604661,1.737965404,4.625094815,1.08679089,1.785236019,-0.110823711,0.346611311,1.932806338,1.131253138,0.767709203,1.544705019,1.226031409
0.062940473,0.0629404740114569,-1.215000236,0.107052252,0.092463367,0.279932718,0.247017028,0.390415638,0.62488251399999994,-0.419326396,-0.238168696,-0.04963777,0.372388754
0,0,-1.197988726,0.031348606,0.738878115,-0.356160336,-0.3855513,-0.484343388,-0.879463714,0.702414729,-0.475450525,0.373055469,-0.151314753
0,0,-0.533117168,0,-1.267893597,-0.898808483,-0.159034701,-0.83310507,-0.373455908,0.283875198,-0.789451953,-0.38749981,-1.564087524
0.10432205,0,-0.344094293,0.297201807,0.364686313,0.854233116,0.430312393,-0.895246591,1.069928493,0.68563447,-0.336309557,-0.359229119,0.277586415
0.339422378,0.0565703941608245,0.466292982,0.170954527,-0.625751986,0.017238169,0.726481308,1.886558814,0.221779085,-0.36391212,0.977634941,1.666095266,-0.81873526
0.018989872,0,0.143990853,0.190071894,2.072156091,2.854083595,1.281648138,0.18153939,2.457411621,1.543274026,1.619404713,0.989158763,0.898595028
0.086556527,0,-0.331050988,0.717277927,0.56018794,-0.777538304,1.089992858,0.42356900199999997,-0.636138461,0.928405792,-0.976358189,-0.381234594,1.094210159
0.07378768,0.03689383861858,-0.421303162,0.375288717,-0.957545371,0.30204936,0.771151046,-0.627274042,0.08949032399999998,0.73905845,1.141250903,-1.792927514,-0.434615837
0.162526013,0,0.551442097,2.460625815,0.294965891,0.154519986,0.876842665,0.270058262,0.12346275,0.283091789,0.659956886,-0.621086201,0.712186178
0.041704641,0,-0.890478055,0.010762647,-2.677752614,-0.51071598,0.211300835,0.116517072,-0.296202855,0.297934836,-0.250703379,-0.840991789,-0.697128759
0,0.0261238028280798,-0.884474715,0.009757574,0.384618743,0.551055911,0.017393909,0.988091322,0.390423765,-0.270113113,-0.080752128,-0.082518477,0.514121373
0.026751928,0.0535038559749053,-1.197519066,0.11496135,0.8973381889999998,-0.773720878,1.001653933,-1.455374022,-0.094181632,-0.747464537,1.567232069,-0.813052689,-0.526655784
0.049175395,0,-0.192047832,0.202513351,-0.150952866,0.028803756,-0.512676068,1.291269551,1.296304467,0.837829047,0.423815845,0.926467059,0.773145034
0,0,-0.875834704,0.005021236,0.493780598,0.647859373,-0.480699139,0.292557854,-1.91945848,-0.457432965,-0.403593059,-0.198887696,0.607368582
0.065658872,0.0218650834717528,-0.590167772,0,0.618987134,0.42261237,-0.203166761,0.8138217159999999,0.149141838,-0.383985012,-0.737083126,0.257084921,-0.07015529
0.234853593,0,-0.441310867,0.7564135079999998,3.098185364,0.053119271,0.525367905,0.493285193,-0.248677704,0.752474612,0.289564142,0.557002097,0.840500869
0,0.0138141595782484,0.095989882,0.332255672,-1.366224057,-0.011937292,0.036098945,-0.206895688,0.848754973,0.2892308,0.81399007,0.585060598,1.081626253
0,0.0307029163097745,-0.321524613,0.285641133,-1.213170787,-0.266446075,-0.021344267,0.353171353,0.233552492,-0.618548489,-0.519350322,0.126481098,0.329691644
0,0.0261048110320936,-1.527988718,0.7631559449999998,0.06899006,-0.005168874,0.272094628,0.054042026,0.739531899,0.119779844,0.391013512,0.509394998,0.719296957
0.062539002,0,1.111637159,0.971106389,1.394569999,0.15439868,-0.445452569,-0.723240923,-0.261090131,0.483910773,0.807218791,0.931138172,0.513289796
0.027567785,0,-0.620807217,0.27319214000000003,2.420681593,1.600583673,-0.406039248,0.490607412,1.026493713,0.340885887,0.803690652,0.506736924,0.263952359
0.021999383,0,-0.58620602,0,0.533389492,1.769578532,0.99270432,-0.163641202,-0.056372825,-0.185126002,1.887639272,0.757124102,-1.08754815
0.014804933,0,-1.220671069,0.27079864,-0.458155552,0.610062833,0.840256075,-0.487993101,0.9000016739999999,-0.071373924,1.75914202,-0.334798907,0.723273186
0.030787798,0.0304335289987083,-1.153422267,0.194485591,-1.557324591,0.118120192,0.55591098,-0.291454323,0.04033703,-0.049763913,0.741075805,0.355740361,0.206255188
0.147812502,0.268153703827945,0.450098859,0,0.454447649,0.487620166,0.348089487,-0.590160185,1.455023021,-0.19651489,0.090547023,0.307082046,-2.434285407
0.268268148,0,1.906715381,19.59549952,0.591108419,0.595382742,0.46437737,1.207128301,1.754559613,0.791189556,0.09223691,0.447590359,1.05177876
0,0,-1.197772281,0.022698147,-0.809981782,0.217814902,0.90397302,0.029625743,-0.157997574,0.506670507,0.260274786,0.384494473,-0.199257104
0,0,-1.226552034,0.124026908,2.183310697,1.564578638,2.570621332,-1.700779964,-0.396633646,1.099517836,1.80559593,0.160549646,-0.5348358
0,0.433671453821617,-0.752714785,0.041855474,0.030193139,-0.163756194,0.521034191,-0.303055387,0.63252586,-0.079221547,0.434576698,0.377589687,-0.719145471
0.769707642,0,-0.826259407,0.003575613,0.7675531639999998,0.783260695,0.707590642,2.326843072,1.422110223,-0.441684688,0.676359672,0.569005502,1.372367529
0,0,-0.068785207,0.9311835100000002,-0.897528116,-0.105323866,-0.003709219,3.471606137,-0.116058101,0.435643399,1.1424516,-0.196681952,0.238930306
0.348954373,0,-0.496828841,0.092248531,-0.07735011,-0.435048382,0.11162524,0.423056606,-0.160105981,0.242162164,-0.084763356,-1.20453067,-0.82878151
0,0.0232878358519193,0.014157001,0.181295191,0.487092992,0.195502553,-0.311535719,1.717743205,1.145278587,0.375672769,0.441187806,0.545872582,0.660688407
0,0.0893660775288435,-1.766564309,0.268766173,0.170019212,-0.993774663,-0.52711584,-1.80789149,0.9577207390000002,0.126835285,-0.447464345,-0.350295155,-0.327700145
0.436112416,0,-1.86783035,0.0424042,-0.663649783,2.322005005,0.023276601,1.704236894,3.592056608,2.24031616,-2.358913126,1.722763649,0.358777534
0,0.0745335911281638,0.08082746,0,0.123926196,-0.244148581,-0.426062237,-1.223385923,0.062654911,-0.409468029,0.265359914,-0.07937301099999998,0.231222854
0.306689687,0,-0.03562115,1.166110626,-0.132731649,0.769739918,0.140608531,-0.383439105,-0.159691279,-0.028528852,-0.052554135,-0.440887467,-0.462935523
0.018590226,0.0185902259871841,-1.521631219,0.053754862,-0.192616767,-0.371747194,0.322797703,-1.914559031,-0.988587623,-0.210438265,-2.013935783,0.078351688,0.544910423
0.03929362,0,-1.422699307,0.002991991,-0.872178899,0.3148123,0.913259837,1.402116701,0.013267082,0.752719059,-0.586175786,-0.316891112,0.279645883
0,0,-1.094714458,1.103016082,0.577719612,-0.25687591,0.409809214,-0.224561487,0.031007937,-0.079531875,0.705742371,-0.403742576,0.94906321
0,0,-1.084468828,0.094212223,0.87051573,0.249568508,0.790722833,-0.301820123,0.001008558,0.71721567,0.453390851,-0.263576567,0.007589871
0,0,-1.791550373,0.058733912,1.280271733,0.381367345,-0.220764856,-0.323124163,-0.270254119,0.435179858,-0.300115287,-0.3645897,-0.562416194
0.069501605,0,0.876804421,0,0.063153038,0.709152322,0.345352877,-0.083992803,0.62254984,0.129877987,-0.58066752,0.109370875,0.033161759
0.09855911,0,0.135948162,0,1.054475732,-0.015550905,-0.113193503,0.370119975,-0.407448644,0.380489863,0.300575801,0.475717525,0.016079619
0.044293869,0,-0.123701613,0.209359493,-0.592995033,0.031708126,-0.152212232,0.014095127,-0.7577535469999999,0.649736726,-0.153632279,-0.279587659,-0.115220223
0.03494475,0.0349447503062545,-0.312902755,0.414300205,0.612629312,1.576051455,-0.405937992,0.3622979,-0.807625951,-0.188168598,-0.684274913,0.216883305,-0.480737542
0,0,-0.927315759,0.37688972,0.939238923,0.37154644,0.476569,2.513582471,1.195763756,-0.002942922,0.102108709,0.173861214,-0.397842514
0.203736354,0,0.302824028,0.171819508,0.343229779,0.576374061,-0.257837126,0.760480915,0.22134395,0.214049101,1.215767423,-0.366604309,3.92232e-4
1.354536526,0.225756074122994,0.720101752,0,-0.7365232579999998,-0.854594379,0.037211298,-0.495388656,1.87080576,2.068720023,5.346161275,1.314154167,-1.346114227
0,0,-0.632183711,0.07796960999999998,0.347136332,-0.19513055,-0.662317866,-0.210096015,1.178252287,-0.938473636,-0.8723330379999998,0.223956517,0.368561351
0.081436068,0,-1.383086194,0,0.293544601,0.25419933,0.144067563,-0.047880593,-1.24843571,0.446581961,0.718519716,-0.276108244,0.030608449
0.033441778,0,-0.329454099,0.037401002,-1.299064323,0.113530375,-0.534090783,1.182474964,0.411364677,0.658554877,-1.271072031,1.427803186,-0.141922752
0.018360171,0.0262718910173948,-0.611797147,0.005958399,-0.437727275,-0.205544864,0.059361428,0.707788122,0.198317936,-0.446707023,-0.235830942,0.957614508,0.455577629
0.022534916,0,-0.181946877,0.028683088,0.22451165,0.371423549,-0.158954284,-0.500081622,-0.514952715,-0.119821453,0.367439331,0.464587059,-0.434229881
0.044188979,0,-0.895895698,0.003510873,-0.453427981,-0.301198329,-0.542142082,0.297353851,-0.8363995309999999,0.710944887,0.7354178179999998,0.165647466,0.370305123
0,0,-1.370196195,0.014797152,0.726492208,0.45600456,0.097787814,1.051165222,0.103567314,0.656315123,-0.204783617,0.932262484,0.742973573
0,0,0.430242723,0,-0.628765097,-0.957094574,-0.503801664,-0.45394156,-1.253407945,-0.317429949,-0.393355384,-0.397628977,-0.984199984
0,0.024708279835646,-0.282327168,0.215913609,1.777923504,1.135771631,0.146249165,0.131365178,-1.410455054,-0.789082745,0.891221598,0.287846038,1.058476958
0,0,-0.122922011,0.068905279,-0.684521694,-1.009167331,-1.078096509,0.194016784,-0.42898314,0.278766633,0.034731406,-0.183992971,-0.491549605
0.025022861,0,-1.244350317,1.556753605,1.251465664,0.983518493,0.478074476,-0.38512298700000003,0.666796181,0.23711592,2.282302291,0.704215641,-0.070557777
0.021981398,0.028495566852681,-0.228964865,0.08444338399999998,-1.165074879,-0.338624088,-0.042487803,-0.927709869,-0.218040861,0.749961435,-1.061910249,0.38480967,0.270344732
0.024220039,0,-0.497075953,0.233758268,-1.177371454,-0.469950023,0.145751142,-0.383309602,-0.970230387,5.53207e-4,-0.701387587,0.046426932,-0.168151358
0.039946716,0,-1.360660063,0.020333716,-0.686996753,0.600990772,0.622436776,0.822362145,0.163202207,0.351269,-0.108229295,-0.109653739,0.293691168
0.02995291,0,-1.240419414,0.448272358,0.9097145980000002,-0.142184219,-0.011401985,-2.293259398,0.46224646,0.04307853,-0.245123976,-0.324568658,0.246863529
0.069351802,0.0693518043940353,-0.615456958,0,-0.331472602,7.46713e-4,-0.199962549,-0.692010859,0.447369383,0.276697448,-0.423404979,0.346714878,-0.096148575
0.10463842,0.029108777165949,-0.054484187,1.147289859,0.423682983,0.928704713,-0.650195447,1.212256927,0.373867266,-0.586364127,-0.698252625,-1.581696928,-0.31427625
0.02213443,0.031239981956078,-0.035830574,1.257928245,-0.045595609,-1.215926397,-0.735019305,-0.479611018,-1.172129573,-0.878212252,-1.259311547,-1.06378562,0.168780331
0,0,-0.667818501,4.281447063,-1.173403789,-0.040096597,-0.442492573,0.426371363,1.32174577,0.483752013,-0.084271782,-0.281042481,0.163710516
0,0,-0.92837847,0.237914943,0.190997536,0.016476932,-0.141859763,0.677207576,1.070776343,-0.488659012,-1.461759395,-0.7477092279999998,-0.180372433
0.198793751,0,0.19566846,0.005810138,-0.884728415,0.942524857,0.402044031,1.466275252,0.8902943319999999,-0.09897837,0.587496261,-0.279047728,-0.034955431
0,0,-1.324650498,0.136265243,-1.367514504,0.602562353,0.271921337,0.070714225,2.164134038,-0.117244439,-0.05154661,0.119573097,0.402561174
0.310109921,0,1.65592281,28.53455585,1.747579212,1.895762551,-0.674221117,0.682176563,3.479603126,-0.048081795,-1.010340958,2.8069498,1.750391926
0.045355745,0,-0.706028952,0.04513037,-0.662112152,-0.132105076,0.249586168,-0.137831326,0.920541244,0.209416205,0.21066511,0.590211756,0.075169914
0.047301627,0,-0.309098868,0.07385507299999998,0.705994345,-0.22941711,0.115560989,-1.628202245,-0.323590933,-1.603622962,0.522969335,-0.061072987,1.142455473
0.056565873,0.0282829372474543,0.947796932,0.263879498,1.077561654,-0.594315599,-0.409989257,0.530805217,-0.53188739,-1.018335689,-0.25532955,-0.273527938,0.243761635
0.176116987,0.0227692522399677,0.642135303,0.446283692,-0.934374684,0.440024161,0.787632627,-0.519938556,1.638176901,-0.372077632,0.378474361,-1.32402813,0.270457906
0.045506821,0,-0.792005562,0.16318055,-0.976650231,0.169057734,0.0290357,-0.83014029,-0.034416258,0.550784986,-0.279779831,0.8559118009999999,1.164820323
0.164135657,0,0.650381452,17.60861478,0.184894925,0.488081018,-0.1842332,-0.00554794,0.590645481,-0.346679989,-0.765549583,-0.088054186,1.572845954
0.014762691,0.0486485156738478,-1.453025804,0.020140499,0.746610565,0.193453515,-0.156115225,0.560359841,0.681797126,-0.333286392,0.412776179,0.274368721,0.743892781
0.040031698,0,-1.075226346,0.040258065,0.295333743,-0.301065705,-0.366266207,1.986439888,-0.214241919,0.313539531,-0.193972152,0.058549603,0.130259862
0.084812696,0.024425294020637,-1.460380514,0.030078312,-0.9127427050000002,1.041281093,-0.209395939,-0.537828043,-0.502497446,-0.927846452,1.700255022,-0.330953945,-0.514420878
0.230602454,0,-0.591692012,0.27038497,-0.78384016,1.505364108,0.40154087,1.517440429,1.363827566,0.055910575,0.546166653,1.269035689,-0.956142751
0,0,-0.195301991,0.389369709,-1.054396577,0.780188425,0.353520151,0.117363458,0.149210672,0.275543686,0.19396763,1.043228024,1.73249645
0,0,0.154649677,0.016614411,-0.182860888,0.285573571,-0.011420756,-0.944019446,-0.893060007,-0.083523168,-0.632715649,-0.06631363,0.325514205
0,0,-0.791602145,0.217844044,-0.427093522,-0.662247624,-0.345388963,1.535116029,1.553074148,-0.47022595700000003,-0.853202482,-0.533774899,0.9089726
0.026073916,0,-0.21533444,0,0.543741898,-0.811077476,0.3104326,0.375911739,-0.46033736200000003,0.198104207,-1.302869027,-1.092683143,-1.026283951
0.113801469,0,-0.530093603,1.025082288,-0.358809321,0.023779673,0.469019368,1.209360227,1.461715349,-0.368219487,0.691494904,-0.651592729,0.856500373
0.034419724,0.0252508132189074,-0.874076286,0.008783404999999998,-0.010272952,0.202012262,-0.056693722,-0.512123948,-0.704947009,0.539866863,-0.811067381,-0.362493117,-0.506835604
0,0,-0.893374371,0,-0.49276251,1.774099011,0.251075511,1.486482167,1.750835159,0.664124361,0.655591093,-0.420846143,0.47791031
0,0,-0.406698,0.297378803,0.479068318,-0.320589432,-0.387901598,0.422256935,0.87410874,0.221073938,0.32116968,0.387860098,1.162371063
0.028726737,0,-1.285769132,0.650064831,-1.657673358,0.122302168,-0.28293568,-1.911083022,-0.451244631,-0.849959522,0.891418169,0.441753231,-0.496392765
0.09620907,0,-0.980844372,0.307683359,-0.164420371,0.57868044,1.665887931,-0.07603947699999998,1.831768664,1.242841782,1.572942354,0.488101054,-0.991918271
0,0,-2.179718337,0,-0.85478639,0.774989039,-0.854326725,0.271977088,0.873223096,0.382049664,-0.176284597,0.156613056,-0.234746482
0,0,-0.862126921,2.996307389,0.100582455,0.609436241,-1.127770275,0.31861679,-0.858137649,0.224942124,1.275115851,-0.307609433,-0.089723293
0.025493932,0.0509878647031356,-0.852655172,0.295662538,0.953894874,1.245367887,2.025220693,0.264396421,-0.278645609,2.517414745,1.433767415,0.612712878,0.37058069
0,0,-0.402322574,0.025109477,-0.392689249,-1.059384784,-0.028787739,-1.255508695,-0.36998803,-0.341546803,-0.389638768,0.264442274,-0.535211363
0.080606008,0,-2.016199856,0.89594472,-0.381633802,-1.034016034,0.046385758,-0.7480213369999998,-0.758701474,-0.605393605,-0.359332328,-0.304927464,0.175662967
0.034853071,0,0.796109899,0.494283706,-0.7938735179999998,0.0016983,0.565088784,-0.9448515460000002,-0.209008478,-0.534036962,0.061759407,-1.445639791,0.188506413
0.038006995,0.0251691171077179,-0.966031552,0.197661237,-0.010443385,0.009980004,-0.418989215,0.230054433,-0.76034225,0.912627953,0.122838354,-0.433742149,0.48155114
0.053316012,0,-0.44625339,0,0.057814582,0.280028567,-0.18833363,0.8368240219999998,-1.035649308,-0.257717738,-0.20703336,0.861763625,-0.40888359
0,0.0285779799135592,-0.533307467,0.037001065,0.243334943,0.193285452,-0.391405595,-0.922839153,-0.198902705,0.87876216,-0.08886711899999998,-0.634957992,0.33731059
0.022442516,0,-0.262879847,0.171873684,0.859826343,0.248957059,-0.042983219,2.003404787,0.813847732,0.554319753,0.285085797,-0.286890569,0.214212837
0,0,-0.535758776,0.454839291,-0.439278756,0.354096421,0.756415657,-0.894272066,-0.824725345,-0.388456518,0.7575843,-0.235870303,2.11735964
0.048695823,0,-1.627775094,0.720376934,-0.535228254,-2.258042502,0.03840136,-0.745523594,-0.814418263,-0.243656105,-1.523469885,0.363665578,-0.806012761
0.031874509,0.0251211189171102,0.965913736,3.245664079,-0.226560465,0.809533982,0.136761805,-0.463733935,0.754243966,-0.183526237,-0.261309277,0.555379744,1.661240127
0.041200033,0,-1.133476148,0.45254624,2.959230369,0.813355856,0.011755197,0.026622805,0.245875281,0.144036304,0.15886155,-0.403169059,0.653315931
0.031535144,0,0.668396848,0.070115343,-0.701972282,-0.458398812,0.49477232,0.48985328,0.1314318,0.327535433,0.354164182,-0.454349163,-0.3163113
0.091261867,0,-0.900816047,0.289611255,0.384023129,-0.248208095,-0.414894903,0.29540477,0.557861487,0.239999326,-0.642124346,0.750605748,0.272347056
0,0,-0.599612922,0,-2.103745041,-1.398712327,0.151943708,0.587414728,1.530020101,-0.040730566,0.684816388,-0.185968785,0.741041327
0,0,-0.643448836,0.292954322,-1.371203391,0.115814163,-0.150328275,1.499107726,-0.126044496,0.367151571,0.467646083,0.427750524,-1.332218649
0.140031352,0.0311997922648567,1.836941135,0.04340498,2.049959599,0.719930668,-0.713113193,2.171458649,-0.008642693999999998,-0.932852617,0.230238217,0.670912973,0.709477443
0.022047058,0.0487816186456874,-0.235130744,1.196538482,-0.823385853,0.651428004,-0.879965598,2.435649625,-0.934723517,-0.243790281,-0.764209612,0.98205735,-0.313442755
0,0,-0.456906795,0.904339372,2.44361895,0.222349356,-1.010790881,-0.306719791,1.25794758,0.095106337,0.107202136,0.377417342,0.541582044
0.130658577,0.0341100654940091,-0.0678916,4.202561978,1.871184516,-0.43623614,0.187382204,-0.21061727,-0.669349218,-0.309800602,1.589335077,1.768102988,0.626740377
0,0,-1.153731899,0.064135179,-2.566916679,-0.843077956,-0.430752043,0.498833669,-0.685032388,-0.549651387,-1.158126575,-0.45303572,-0.720405684
0.032486868,0,-0.966801865,0.038640894,-0.456576858,-0.030380096,0.04201554,-1.422767038,-1.698615868,-1.319609218,0.993648887,-0.091171901,-0.85288068399999994
0.040348292,0,-0.686260274,0,-0.9694197630000002,0.533535671,-0.373660608,-0.270549103,-0.9128458410000002,0.610375764,0.914320399,-1.60798232,-0.445411255
0.762841664,0.230318980931609,0.512532793,0,1.142002578,1.805388878,1.89691128,2.057003895,2.569441841,0.874500393,7.538145774,2.580765913,-0.719974558
0.048614439,0.0267151766305694,-0.418403154,0.055434144,-0.8571225369999999,-0.293041382,0.17064476,0.249112826,-0.449018317,-0.007439813,1.073758175,0.539797059,-0.281791619
2.589612362,0.428497020090505,0.775712909,0,0.112543967,2.435130191,0.883399711,0.369665915,7.568612629,2.258154588,6.56230799,1.859642784,-1.378890839
0.033113782,0.0298818102389885,-0.945300942,1.154410808,-0.068864937,0.753148822,-0.362820626,-0.332113015,1.079593194,-0.449704251,0.02934524,-0.176375055,0.123037798
0,0,-0.648747766,0.397774039,0.62634873,0.213431085,0.123520808,1.251103127,0.719953141,0.12468145,-0.12316876,-0.053646574,-0.815885074
0,0,-0.494752497,0.005265169,-0.455901685,0.268917629,0.952770579,0.234178002,0.209627892,0.091887926,0.675908102,1.00435953,-0.357288372
0,0,-0.716320699,0,-1.380791468,-0.614900831,-0.625914003,-1.376792831,-1.265524746,0.085321437,-0.574563597,-0.549153051,-1.193912115
0.044683135,0.0233822859006933,-1.127502094,0.06506896,0.231778963,0.245179244,-0.111870963,0.705159537,-0.367439326,-0.362956518,0.509454123,0.123066218,0.083670724
0.034915677,0,-0.711330701,0.376437752,0.941757501,1.742981965,0.262768264,0.906650193,0.156137441,-0.279964261,0.417554612,1.144194866,-0.249892076
0.02372679,0,0.060854155,1.09872035,1.310077629,-0.173697744,0.18042727,0.08168802,-1.297939329,-0.789968847,-1.384050226,-0.219991267,-0.282627245
0,0.016105262999982,-1.37933308,0.043429636,0.8640856409999998,1.388059485,-0.361500848,0.016021105,1.019541861,-0.591172243,0.758961584,-0.014009609,-0.822466436
0,0,-0.827939822,0.046721089,-0.044507491,0.563743327,0.807163928,0.938937942,1.163803105,-0.107823556,-1.006119163,-1.12495236,-0.292460958
0,0.0167907189663271,-1.279901145,0.030905225,-0.914896696,0.273104108,-1.090607195,1.097369001,0.397950447,-0.318154284,1.841411988,0.472051431,-0.389959184
0,0,-0.9918775,0.005445497,0.07637883299999998,0.183151442,0.116612614,1.10246978,-0.648964085,1.279660373,-1.445277787,-0.616932073,-0.25818125
0,0.0273832378322835,-0.395714627,0.136222147,-1.193913118,0.098062876,0.405772992,0.530264019,-0.069500691,1.161952112,0.4447364,-0.370714719,0.135598518
0,0,-1.037410639,0.290033005,-1.011223164,-0.018548312,-0.762590114,1.43825692,0.174179378,-0.199586902,0.176324308,0.124217085,1.148549509
0.17154125,0,-0.485242531,0.778124982,-0.229398608,-0.82898752,-0.983117142,-0.494099807,-1.509968259,-0.492010574,-1.501169493,-0.7697812469999998,0.626215062
0,0,-0.595537663,0.202108536,0.7916832059999999,1.721375537,-0.532763867,1.486771569,2.180684605,-0.260147666,0.723300242,0.9637888120000001,0.231341335
0.10458544,0,0.861102115,0.004516773,0.622887254,0.607365219,0.597505846,0.634406604,-0.333330654,0.132095738,0.336980733,-0.202490316,0.229145678
0.095171971,0,0.260452856,23.18405834,-0.32860773,0.884310994,0.109008114,0.189995727,1.521850325,-0.382418891,-0.642759253,-0.517765512,0.935271009
0.0503397,0,-0.870984134,0,0.430407751,0.695033482,0.107014461,0.535532709,-1.457173168,0.677627657,1.329100636,0.387030507,-0.426620531
0,0.0554544659136591,-0.371646365,0.426692258,-0.561101521,-0.35527059,-0.312631662,-0.062802666,1.375291924,0.05296081,1.203790749,-0.171564082,0.012572603
0.050158197,0.0250790979597696,-0.503660566,0.527930102,0.169279132,-0.301078428,-0.106339234,1.175729784,1.402603464,1.30711989,0.7651808,0.329061143,0.02643281
0.017831989,0,-1.558052839,1.47125803,0.64492189,0.011763674,0.02839327,0.211669979,0.930985852,-0.252704683,-2.113451026,-1.566713611,0.142354987
0.0185522,0,-1.579021587,0.38023623,-0.255775319,-0.207849551,0.604129167,-0.270099905,-0.680057652,-0.559601525,0.757312414,0.402267212,0.260358477
0.06739744,0,0.088230611,0.08897479699999998,0.266444162,0.079530531,0.033521461,0.795880025,-0.338837276,-0.024541884,-0.219574738,0.290408707,-0.52293274
0.034655636,0,-0.36308467,0.168130909,-0.7229445909999999,0.906002031,0.250193673,-0.140726275,0.200898581,-0.520529858,0.751357048,0.522825558,1.096537258
0.036146027,0,-0.286768554,0.116682428,1.378790386,-0.169808585,-0.461483022,1.639004039,0.401107428,-0.061902176,-0.1903275,0.390457301,0.553999793
0.149534812,0,-0.434004206,0.117176874,0.450960758,0.427258824,-0.843245431,-0.700229343,-0.060921595,-0.692009857,-0.078830181,-0.122028822,-0.181942704
0.062707515,0.0227117626567074,-0.187434547,0.025778483,-0.509644767,0.310755278,-0.170690707,1.260030222,1.461354004,-0.101816076,-0.209236825,0.450758107,0.857135823
0.04151091,0,-1.528943914,0.029805933,-1.101919754,-0.247621181,-0.513855285,0.63331858,-0.644290771,-0.038856163,-0.086105189,-0.234567067,-0.668988025
0,0,0.583010632,1.367161984,0.264449694,0.017563684,-0.025741353,-0.947137608,1.639831104,-0.250557539,-0.497872916,-0.343393761,0.014524251
0,0,-0.511627593,0,-0.14268289,-0.801554809,-0.61485239,-0.251615521,-0.361379689,0.475785791,-0.669582958,-0.638076312,-0.449628716
0,0,-0.881575492,0.293468739,0.712611779,-0.483810637,0.011160076,0.316976807,-0.951680048,-0.114304905,0.8339176459999998,-0.59780429,0.081962469
0.023890673,0,-0.122699234,0.489838366,0.558988369,0.763393228,0.191865203,1.168302026,2.6669508730000002,0.503713245,-0.129467297,0.233667206,2.20873012
0,0,-0.44748427,0.060874549,0.647097473,0.152681996,-0.346610908,-1.100340793,0.11513182,0.167492665,0.141105148,-0.63162515,-0.146159514
0,0,-0.777362991,0.103554574,0.67770094,1.540660652,0.012431905,-1.300564807,-0.381304736,-0.149494898,-1.622693815,-0.474508754,-0.272142894
0.06502299,0,-0.954946704,0.044958283,1.228169709,-0.727639118,-0.026535743,0.850591329,-0.459657809,0.131197511,0.170033683,0.389141634,-0.69484079
0,0,-0.132023187,0.043585686,1.016405651,0.115319501,0.332313509,-2.125779337,0.125157527,0.840833475,-0.07614722,-0.530551005,-0.024132168
0.6748545,0,0.760144982,30.33271174,0.388822166,0.86706662,0.013830658,-0.28784776,0.94001695,0.258629045,-0.007248292,0.47956551,0.993977735
0,0.0229717902769317,-1.067743812,2.813980594,0.318732534,0.392438835,-0.897546593,-1.134209446,-0.297376689,-0.614072398,-0.819006576,0.326754078,0.607528021
0.026875199,0,0.019969265,0.478721062,-0.445481313,-0.802317353,-0.122316839,-1.470490105,-0.688598821,-0.490031166,-0.173282287,0.016358877,-1.203964138
0.016640486,0,-0.593611044,0.095719858,-1.739826239,-0.012309233,0.096301433,0.427112238,0.289359456,0.006165485,-0.925509301,0.114431334,0.030746876
0.099906779,0,0.527905896,0.612728746,0.078907037,1.766440446,-0.567380015,0.058250047,1.217285126,0.009182375,-0.568132908,-0.232092934,0.539847125
0.122932368,0.0277448600940367,0.162265422,0.540714648,1.35076331,0.542586931,0.16716447,1.525001051,-0.030983317,-0.026681598,0.8053852299999998,0.812222846,1.210097558
0.037525891,0,-1.017036747,0.002637411,0.118029688,0.905386494,0.159340049,0.195269713,-0.135697949,0.455444939,-0.268909039,-0.503614675,-0.620933726
0.123167313,0,-0.124066468,0.264905526,1.809938419,0.241398249,0.00850916,0.379447534,1.000478834,-0.293350583,0.116736798,0.318229069,-0.025702285
0,0,-0.908960911,0.190625631,1.056177983,1.546988329,-0.158675054,0.874505553,1.716132718,1.027462193,0.488560328,0.184335082,-0.181183521
0.032723877,0,-1.170263906,0,0.523751273,0.840981843,-0.368062213,0.66896007,0.661507566,0.363249126,-0.237704759,0.8825396989999998,-0.111168131
0.036403193,0,0.373611818,0.306698676,-0.180574362,-0.146791453,0.0369431,-0.183054493,0.140750972,-0.013845352,0.556712084,-0.536285561,-0.136986481
0.180610888,0,-1.031368733,0.07481196199999998,-0.29834562,0.81237041,-0.734469281,-3.132407914,0.564617315,-0.681800433,-0.101908682,-0.243490755,-0.012954447
0.056635883,0,2.035694313,17.91142262,0.116049571,0.333794542,-0.347043822,-0.867330807,0.460220071,-1.845462219,-0.68528661,-0.12467956,-0.253245726
0.939101566,3.46026543408801,0.723005149,0.008251872,0.8124595169999999,0.670649395,2.069670442,0.705433468,0.750420458,3.421602209,5.561552213,2.211011081,-1.214253089
0,0,-1.10260288,0.400826395,0.04965086,0.211874138,0.482501005,-0.009872381,0.378076141,0.664387087,-1.51293461,0.912402423,0.388086387
0,0,-0.943419536,0,-1.096830207,-0.423618811,0.192653452,-1.351278637,-1.06074086,0.217686606,-0.662549467,-0.560325382,-0.725288115
0,0,-1.131678281,0.027505486,-0.385973213,-0.343243224,0.270296211,1.726366768,0.780937874,0.905992638,-0.293751946,-0.826239152,-0.037279389
0.488501827,0,0.500599539,0.841737041,0.907005478,-0.272757633,-0.303037866,2.255012595,-0.556126188,0.055143873,0.135558317,-0.406742725,0.413452171
0.033143261,0,-0.978198297,0.8284435639999999,0.325280365,1.075844312,0.04003931,0.798816485,0.897340197,0.261475645,0.447276765,0.08680997599999998,1.751489829
0.050721555,0,-0.457298961,0.015162721,-2.307675211,0.35209822,-0.565950813,-1.039025847,0.864797051,0.466719776,-2.171308655,-0.308432001,0.288900296
0,0,-1.614088322,0.038020986,-1.119015533,-0.67623167,-0.311513401,0.036135871,-0.568645357,0.134625539,-0.624881878,-0.392632711,-0.008467057
0.046305763,0,-0.960738848,0.16746646,-0.582960235,-0.509670644,-0.484076791,-0.279803764,-1.520301844,-0.641514446,-0.356335348,-1.104867797,-0.209060305
0.052972868,0,-0.675194277,0.425854849,-0.698529355,-0.196383377,-0.428738409,0.572517605,0.501718748,-0.383226783,-0.8804138059999999,0.239820526,-0.012376289
0.040183576,0,-0.602611057,0.09069228200000001,-0.658884497,-1.105555496,0.664594125,0.130888048,-0.799798976,-0.140409881,0.400647001,0.035989031,-0.276335106
0.030451533,0,-0.139301122,0.07255494399999998,0.008597233,0.204575605,0.597161588,-0.293477731,-0.368038757,0.910159392,0.8976193449999998,0.665322235,0.367276038
0.059164638,0.0295823208509025,-0.622210366,0.0319213,-1.113202435,-0.171184203,1.20595633,0.611643291,-0.746984855,-0.285094188,-0.041388511,-0.126921605,0.056274269
4.982211843,1.82919204182477,2.474217379,0.062136701,-0.336944261,-0.332355067,-0.017501268,-0.537638623,1.919415383,1.175233497,1.713948942,0.686814499,-1.451306165
0.020916496,0.0255944584286237,-0.764724104,0.007499347,-0.603065194,-0.440972613,0.113541589,-1.322133349,-1.190097783,0.22385481,-0.092651991,-0.8622280289999998,0.186198802
0.083964509,0,0.106988439,0.062498062,-0.535642399,0.556635687,0.342093022,-0.442890974,-0.473104463,0.160515684,-0.146893412,-0.450203776,-0.326025849
0,0,-0.154399478,0.008850103,0.267946665,-0.032918006,-0.015505287,0.027982147,0.988493334,0.065928604,-0.543448472,-0.350990122,0.121895103
0,0,-0.393797335,0.154520977,0.20615873,1.931281588,0.344431646,0.808670305,0.561971845,0.707834187,1.058150031,1.1851089,-0.448924777
0.404767373,0,-0.508984244,0.8165205949999998,-0.223848282,0.050210766,0.317889577,0.183811707,0.639283377,-0.17184366,-1.113025758,-0.32306776,-0.076999346
0,0,-0.682568677,0.121632592,0.75066577,1.858973638,0.306550615,0.034026039,-0.553404448,0.352105986,-0.199087411,-0.179504857,0.745948807
0.063317813,0,-0.533170567,0.714363332,-0.270199675,-0.075138628,-0.09347504,0.9421799930000002,-0.070902884,-0.511948039,0.748951645,0.095112735,0.347894288
0.037385356,0,0.848892715,0.156160717,-1.612267331,0.147195324,0.709601015,-0.39360954,-0.7564854079999999,-0.45901731,-1.21914361,-0.122848174,0.36378365
0.062465007,0,-1.501198922,0.816847153,0.552717079,1.540423285,-1.382477881,-0.519079451,2.329925249,-0.421912513,0.001140637,0.957140065,-1.171453518
0.678623446,0.056551957439312,-0.505675528,0.11160815,0.536284227,-0.475882483,-0.011243582,2.748565505,1.976230025,1.50968701,-0.310051766,-0.130854648,0.580695421
0.072434874,0.0724348681876018,-0.03034797,0.25727061,-2.135200347,0.216595068,-0.248585729,0.001840213,-0.150533576,-0.015231146,-0.675927363,0.080576125,0.240429678
0.217221715,0.043444339533929,1.082449804,0.071149083,0.575361516,1.509906535,1.861563372,-0.357656915,1.242916737,2.99032456,1.415672642,0.375295772,-0.448812125
0.125149923,0,-0.664717184,0.140551541,1.134546009,-0.555721924,1.043008943,-1.98232445,-1.356939028,0.219680579,1.167437866,-1.268614276,-0.696432603
1.042787253,0.35075987824067,0.93515525,0,2.072692759,-0.56655798,-0.326225876,-0.262942195,-0.321979339,-0.691761898,0.088899116,0.484986196,-2.080921796
0,0.045456697373566,-1.188385368,0.421707846,0.090619384,0.088281092,-0.266730502,-0.469848244,0.173326323,-0.932284158,-1.786912077,-1.501837679,0.920452319
0,0,-0.73706648,0.201114288,1.021407285,1.728340071,1.204212029,1.340947975,0.637061987,0.45400313,1.843005034,0.894502054,0.309955265
0.15482018,0,0.611280794,0.027238569,-0.47843544,1.030131718,-0.154285363,0.356814611,1.00796045,-0.324130463,-1.526657593,0.300195679,0.673727449
0.069316853,0,-0.659044754,1.149400425,-0.148067217,1.773467084,0.522387961,-0.434559987,0.753763866,-0.04473753,0.159982735,-0.290367311,-0.558756773
0.049881748,0,-0.264108419,0.7619605229999998,4.47470214,0.014038236,0.048972088,1.273121635,0.581546434,0.652447593,-1.26849555,1.811664128,0.747682765
0.124173825,0.112804388541932,-0.200848922,0.125113329,-0.782718741,-0.776308419,-0.35098368,0.113652168,-0.436300251,-0.868507261,-0.658025132,-0.30092203,0.718973613
0.032795704,0,-0.46301829,0.011611199000000001,0.317602222,-0.613327832,0.205922779,0.965920148,-0.719994556,0.68473925,-0.007995617,0.102872776,-1.691626644
0.018466307,0,-0.947945134,0,0.659190427,-0.238423856,0.433514605,0.184231622,0.585479996,0.470946908,0.651157327,0.665234875,-1.15651555
0,0,-1.119636554,0.294848839,0.14926515,0.57294861,-0.923475638,-0.09641724400000001,-0.206231885,-0.16722517,-1.899519493,-0.419900084,-0.760226924
0.0363249,0.0363249030115843,-0.45273861,0,-0.185260292,-1.480355511,-0.19914381,-0.405730172,-0.870201621,-0.118292651,-1.216208211,-1.453770355,-0.578101284
0.15227401,0,-1.917666477,0.217234642,0.7435370639999999,0.425147658,0.057138203,0.495286812,0.189329158,-0.477497995,-0.028873808,-0.248715284,0.419627918
0.090635661,0,-0.028600449,0.042447922,-0.303462858,0.001095172,0.049352022,1.14871016,0.798489381,0.239979872,0.488658112,0.477470571,0.434954943
0.09898082,0,-1.084477494,0,-0.195942291,0.789492837,-0.051089886,-1.955379056,0.003498624,0.240722228,0.468545637,-0.376635502,-1.034414799
0.031137116,0,-0.597717862,0.055586145000000003,-0.625554808,0.081962807,0.278231027,-1.200598237,0.004297761,0.021980122,-0.361882095,-0.821391051,0.24013936
0.040105311,0,-1.08749,0.962900766,-0.77995806,0.903402586,-1.846664274,-0.894330211,-0.438312675,-1.065375188,1.884196323,0.947862316,0.274760974
0.145499315,0.0415712319811442,0.939201975,0.571535312,-0.414180187,0.768511372,-0.264627164,-0.504150736,-0.165505972,-1.047722013,-0.025557,-0.134342031,0.563335893
0.049798929,0,-0.449839409,0.003433304,0.891569839,-0.21643028,0.384932097,0.1082903,0.529546059,0.564916558,0.34609605,0.287305127,-0.6800049
0.126284158,0,0.055972552,0.044956665,0.675875917,-0.965841363,0.343442861,-0.18193101,1.347248188,-0.228731594,0.248084043,-0.286541301,0.074790105
0.019206772,0,-1.288766379,0.453005717,-1.076194615,0.282616434,-0.32169652,0.495936841,0.030952186,0.085781053,1.121490616,0.711682038,0.146648386
0.085260796,0,1.152677713,15.20629555,0.17348366,0.058149128,1.200855625,-0.610403328,0.7639930219999999,-0.187513111,-1.241713261,-1.335832371,0.350814504
0,0,-0.439333747,0,1.419781397,-0.500051431,0.243726417,-0.28450596,-0.544985297,0.335115059,-0.246281749,0.492943307,-0.028044291
0,0,-2.196210241,0.113771982,-0.58210649,-0.540106401,0.368546645,-2.000738195,-0.542524835,0.592289426,-0.230187337,0.226954436,0.691114046
0.044438388,0,1.063519672,0.604366934,-0.719472711,-0.499791624,-0.161941111,0.396175721,-0.083674633,0.005035248,-0.026877272,-0.001354747,0.72862612
0.116463598,0,0.175447356,0.006829804,-1.284721384,-1.294512704,0.38908819100000003,0.323092154,-0.108890752,0.443581396,0.492793128,0.291045293,-0.120425519
0.056275454,0,-0.262020852,0.009103616,1.046833171,0.636723926,0.182015664,0.92090005,1.151740887,1.148516345,0.475589593,1.030701953,0.08524133
0.036402252,0,-1.700708093,0.022312696,0.847298838,0.732070405,0.28453839,1.392160576,0.50014192,0.071851945,0.236272226,0.395909237,0.478961991
0.024697408,0,-0.234270032,0.077710833000000007,1.068413155,0.922656651,0.00696579,-0.712928404,0.4044616,-0.113311046,0.370178322,-0.143645008,-0.380085921
0.028009777,0,-0.912887987,0.443828669,1.167918465,-0.01330439,-0.026007969,0.386268888,2.828205669,0.34198985,0.368540459,-0.663950872,1.023805519
0.22561468,0,0.044478602,0.193301911,-1.262807237,0.614948526,-0.366455437,-0.180735802,-0.490926207,-0.697515885,-0.058283866,0.068275064,0.993876057
0.164369195,0.0469626241949529,-0.415518617,0.042322601,-1.78837068,0.376326483,0.589770434,-1.455579834,0.661864286,-0.152952789,0.586677132,0.712343839,0.724170765
0,0,-2.290920951,0.468567747,-1.333504018,1.318022859,0.057059889,-1.472824083,0.150666565,-1.657634396,-0.294446526,-0.157724954,-0.120665019
0,0,0.231706009,0.265522457,0.171629124,0.37486035,0.15145275,1.311333578,1.790155841,0.550274946,0.332935384,0.631540794,-0.311537122
0.580698129,0.389441688674321,-0.244847828,0.08243736999999998,-0.440590982,1.194753624,0.401956972,-0.702394958,1.677712698,3.870281065,4.736592181,0.567322867,-0.902173561
0,0,-0.181890769,1.099487205,-2.578262241,0.032591155,-0.905263624,-1.051299474,0.293703356,0.18435094,-1.202882262,0.215188374,-0.290606789
0.027074206,0,-0.640691847,0,0.467003771,0.492499009,-0.280211027,0.339204084,-0.179574202,0.309765652,0.513193018,0.122037039,-0.496127218
0.119497633,0,0.065244128,2.057432679,-0.128176674,-0.197352911,-0.068407515,0.7378944589999998,1.104052087,0.202930249,-0.767370687,-0.385901941,-0.13675883
0.03827072,0,-1.517725248,0.004623535,-0.09424860500000001,-0.502007744,0.02071648,0.19143775,-0.183684155,0.212672861,-0.056266071,0.763653376,0.149039097
0.086625706,0,-1.059953071,0,-1.151844635,-1.373258546,0.650294042,0.590256637,-0.587631267,-0.384798785,-0.944072984,0.08436375,0.066285465
0,0.0211040092936484,0.571371712,0.72340702,-0.185054586,-0.021387448,0.549406266,-0.858330844,0.340175569,2.051827121,0.599770768,-0.482841736,-0.681210673
0.082201691,0,-0.825028813,0.038413968,1.431553687,0.936703019,0.099733891,1.272442407,0.867171961,0.816604432,1.18750351,0.443234771,0.753457713
0.071737214,0,-0.321246673,0.180927452,0.642502087,-0.639619645,0.708486951,-1.388005359,-0.554654354,0.110132437,-1.219939832,-0.08866505099999998,-0.224135519
0.037312738,0.018656369152042,-1.091676632,0.385495622,0.473128604,-0.048233509,-0.437383733,-0.782821965,0.251824539,-0.29455803,-0.253768647,-3.88956e-4,1.05938045
0.044990667,0.0294132250725072,-0.37937851,0.421982249,0.039472188,-0.536405036,-0.084006759,-1.045455486,0.069629646,0.137582175,-0.369974465,0.179766039,-0.203285649
0,0,-0.541279296,0.001647408,0.640018266,-0.473403824,-0.409418652,0.079673827,-0.699446294,0.089204502,-0.419384786,-0.509967902,-0.371831938
0,0,-0.919208065,0.092554555,2.396482115,0.404850386,0.211213905,-2.625446897,0.153087919,0.291248343,0.119910647,-0.921889779,0.036626964
0.146558073,0.108449393596546,-0.767546301,0.035837883,-0.489379967,0.427475823,0.093879425,0.16516126,1.390775961,0.044983073,0.080650319,0.505861632,0.814890713
0,0.0367744967766523,-0.029758496,0.03657623,-0.848521901,0.365117793,0.025011341,-0.7733608549999998,0.407691385,-0.102258117,0.448759591,-0.436624451,1.773296848
0.148733664,0,-0.412450316,0.11894246,1.274193244,1.118966085,-0.038496451,0.996970875,0.522163473,0.576453707,-0.788972647,-0.496065972,0.606162246
0,0,-0.407974901,0.012347347,0.926364652,0.325328562,-0.23895936,-1.420346408,-0.093524321999999993,0.84738262,0.420642404,0.435249558,-0.953239811
0.026841772,0,0.01619961,0.278354752,-0.450873144,0.891664981,-0.402466502,-0.488537964,0.253012674,-0.249973816,-1.033752131,0.349327029,0.17617212
0,0,-0.559281279,0.491305674,0.186795644,0.343480501,0.822864678,0.498053023,-1.16013364,-0.978673806,0.687040841,-0.548361057,-0.390178911
0.027270897,0.0545417963052704,-1.373815184,0.094976488,0.880344849,1.780143579,0.985383465,-1.037597391,1.964944592,0.90440525,1.916009391,-0.252370495,-1.346723736
0,0,-0.429984053,0.7694712809999998,0.311648512,0.216973548,-0.069920977,-0.151426824,1.837943363,0.728592648,-1.617974357,-1.23948094,0.572657198
0,0,-1.306235441,0.18961441,-0.377200436,0.254745699,0.790227079,-0.929550982,0.681182553,-0.005414849,0.160907845,-0.83922531,-0.316495178
0,0,-1.44217504,0.008462736,-2.462833495,-1.633024248,-0.735174772,0.702179206,1.019871059,0.669777156,-0.896843505,0.83279961,0.1577072
0.081707263,0,1.294488968,0.746487639,0.22493874,-0.494157693,-0.186299446,-0.95729994,1.237795878,-0.463734343,-0.055613363,-0.228492315,-0.721865738
0.057657029,0.0467383927397926,-0.690167037,0.06935482,-0.820836668,0.070776567,-0.488658679,-1.227940923,-0.249794486,-0.164279222,0.209237383,0.154589998,0.282813298
0.072568775,0.0514403861950382,0.114385697,0.194762931,1.096511962,0.404761998,-0.21236942,-0.9574388250000002,1.396811041,-0.051881205,0.468716354,0.488402623,0.048618587
0,0,-0.418679995,0.103027832,0.019168101,-0.013758433,0.194073007,0.299705294,0.171297343,0.218989024,-0.9515781350000002,-0.029092098,-0.620504062
0.092789437,0.0272035946120451,-0.8565948,0.105899528,0.908831314,1.693074576,1.922500624,-0.488574341,1.708875829,0.962891645,2.238367383,0.594027287,0.498837079
0.313740461,0,0.212268524,0.238814548,0.112300271,0.472393015,0.056915327,0.365009444,0.528939184,-0.082138994,0.529252172,-0.552932877,-0.350657771
0,0,0.026217159,0,1.273776455,-0.110155684,0.291203907,0.613260992,0.07319871799999998,1.257171458,0.701177197,0.7607175499999999,-0.390171832
