feature_set,motif,model,n,mean_delta,sd_delta,ci_low,ci_high,p_wilcoxon,p_adj_fdr,significant
no_ATAGGG,ATAGGG,LogReg,25,-7.769449519728331e-4,0.002123768697869181,-0.0016535935841253987,9.970368017973245e-5,0.08029978979344914,0.2408993693803474,FALSE
no_ATAGGG,ATAGGG,RF,25,0.00456273767905358,0.010766073575327146,1.18720925753742e-4,0.009006754432353417,0.06335941006929366,0.11404693812472859,FALSE
no_CTAGGG,CTAGGG,LogReg,25,5.836654246216134e-4,0.0027526819645566406,-5.52585844831958e-4,0.0017199166940751848,0.5720430567000259,0.6435484387875291,FALSE
no_CTAGGG,CTAGGG,RF,25,-0.0025752972037193216,0.009742366919639723,-0.006596748618178698,0.0014461542107400546,0.2699475363986631,0.40492130459799464,FALSE
no_GTAGGG,GTAGGG,LogReg,25,3.789053695687362e-4,0.0021831830756124295,-5.222683123366922e-4,0.0012800790514741647,0.5184309864979647,0.6435484387875291,FALSE
no_GTAGGG,GTAGGG,RF,25,-2.6097339912817903e-4,0.0110581225897059,-0.004825542060568255,0.004303595262311897,0.8086544789363024,0.8086544789363024,FALSE
no_TAAGGG,TAAGGG,LogReg,25,-4.7155524224708596e-4,0.0024671075298295497,-0.0014899271786864617,5.468166941922899e-4,0.34632479159403856,0.5194871873910578,FALSE
no_TAAGGG,TAAGGG,RF,25,0.0011284150253924835,0.011079652545801096,-0.0034450407651309503,0.005701870815915918,0.7063989674926868,0.7946988384292727,FALSE
no_TCAGGG,TCAGGG,LogReg,25,-0.0011545938895207138,0.005261497483484187,-0.0033264333071552116,0.001017245528113784,0.20600583969616187,0.3708105114530914,FALSE
no_TCAGGG,TCAGGG,RF,25,0.0056075472241005194,0.00989350012500749,0.0015237110886065896,0.00969138335959445,0.010583547137015176,0.023812981058284145,TRUE
no_TGAGGG,TGAGGG,LogReg,25,-0.03878001409889384,0.017530940921878364,-0.046016430849423966,-0.03154359734836371,1.3070605478013068e-5,6.648855937364726e-5,TRUE
no_TGAGGG,TGAGGG,RF,25,-0.024132121979407846,0.016906953775189068,-0.03111096949503269,-0.017153274463783,2.699035878633378e-5,1.21456614538502e-4,TRUE
no_TTCGGG,TTCGGG,LogReg,25,-4.447385710197883e-5,0.0029674297857419617,-0.0012693686704069776,0.0011804209562030201,0.6473709883196748,0.6473709883196748,FALSE
no_TTCGGG,TTCGGG,RF,25,0.0023904242616064977,0.011859733036831712,-0.0025050329295953715,0.0072858814528083665,0.34632479159403856,0.4452747320494782,FALSE
no_TTGGGG,TTGGGG,LogReg,25,-0.001119596023536533,0.0036994592514759013,-0.0026466577491210536,4.0746570204798775e-4,0.18735684085687884,0.3708105114530914,FALSE
no_TTGGGG,TTGGGG,RF,25,-0.007543646626096359,0.012725836886767487,-0.012796613915318816,-0.0022906793368739015,0.003988882964141757,0.01196664889242527,TRUE
no_TTTGGG,TTTGGG,LogReg,25,-0.1287934512077579,0.058907172444743916,-0.1531091369034141,-0.1044777655121017,1.4775235416366056e-5,6.648855937364726e-5,TRUE
no_TTTGGG,TTTGGG,RF,25,-0.09054629856085782,0.035175242166712514,-0.1050659249034169,-0.07602667221829873,1.3070605478013068e-5,1.1763544930211761e-4,TRUE
